date,element,raw_value,mflag,qflag,sflag,value_c
2000-10-01,TMAX,189,,,0,18.9
2000-10-02,TMAX,211,,,0,21.1
2000-10-03,TMAX,278,,,0,27.8
2000-10-04,TMAX,217,,,0,21.7
2000-10-05,TMAX,183,,,0,18.3
2000-10-06,TMAX,233,,,0,23.3
2000-10-07,TMAX,172,,,0,17.2
2000-10-08,TMAX,133,,,0,13.3
2000-10-09,TMAX,111,,,0,11.1
2000-10-10,TMAX,111,,,0,11.1
2000-10-11,TMAX,200,,,0,20.0
2000-10-12,TMAX,194,,,0,19.4
2000-10-13,TMAX,228,,,0,22.8
2000-10-14,TMAX,244,,,0,24.4
2000-10-15,TMAX,261,,,0,26.1
2000-10-16,TMAX,172,,,0,17.2
2000-10-17,TMAX,156,,,0,15.6
2000-10-18,TMAX,178,,,0,17.8
2000-10-19,TMAX,189,,,0,18.9
2000-10-20,TMAX,178,,,0,17.8
2000-10-21,TMAX,194,,,0,19.4
2000-10-22,TMAX,172,,,0,17.2
2000-10-23,TMAX,144,,,0,14.4
2000-10-24,TMAX,178,,,0,17.8
2000-10-25,TMAX,211,,,0,21.1
2000-10-26,TMAX,194,,,0,19.4
2000-10-27,TMAX,183,,,0,18.3
2000-10-28,TMAX,167,,,0,16.7
2000-10-29,TMAX,83,,,0,8.3
2000-10-30,TMAX,100,,,0,10.0
2000-10-31,TMAX,139,,,0,13.9
2000-10-01,TMIN,89,,,0,8.9
2000-10-02,TMIN,117,,,0,11.7
2000-10-03,TMIN,139,,,0,13.9
2000-10-04,TMIN,117,,,0,11.7
2000-10-05,TMIN,139,,,0,13.9
2000-10-06,TMIN,139,,,0,13.9
2000-10-07,TMIN,89,,,0,8.9
2000-10-08,TMIN,56,,,0,5.6
2000-10-09,TMIN,39,,,0,3.9
2000-10-10,TMIN,28,,,0,2.8
2000-10-11,TMIN,94,,,0,9.4
2000-10-12,TMIN,67,,,0,6.7
2000-10-13,TMIN,106,,,0,10.6
2000-10-14,TMIN,111,,,0,11.1
2000-10-15,TMIN,128,,,0,12.8
2000-10-16,TMIN,117,,,0,11.7
2000-10-17,TMIN,111,,,0,11.1
2000-10-18,TMIN,122,,,0,12.2
2000-10-19,TMIN,100,,,0,10.0
2000-10-20,TMIN,61,,,0,6.1
2000-10-21,TMIN,111,,,0,11.1
2000-10-22,TMIN,78,,,0,7.8
2000-10-23,TMIN,61,,,0,6.1
2000-10-24,TMIN,83,,,0,8.3
2000-10-25,TMIN,100,,,0,10.0
2000-10-26,TMIN,106,,,0,10.6
2000-10-27,TMIN,111,,,0,11.1
2000-10-28,TMIN,56,,,0,5.6
2000-10-29,TMIN,11,,,0,1.1
2000-10-30,TMIN,17,,,0,1.7
2000-10-31,TMIN,61,,,0,6.1
2001-10-01,TMAX,144,,,0,14.4
2001-10-02,TMAX,239,,,0,23.9
2001-10-03,TMAX,239,,,0,23.9
2001-10-04,TMAX,256,,,0,25.6
2001-10-05,TMAX,233,,,0,23.3
2001-10-06,TMAX,206,,,0,20.6
2001-10-07,TMAX,144,,,0,14.4
2001-10-08,TMAX,128,,,0,12.8
2001-10-09,TMAX,144,,,0,14.4
2001-10-10,TMAX,194,,,0,19.4
2001-10-11,TMAX,211,,,0,21.1
2001-10-12,TMAX,217,,,0,21.7
2001-10-13,TMAX,228,,,0,22.8
2001-10-14,TMAX,194,,,0,19.4
2001-10-15,TMAX,217,,,0,21.7
2001-10-16,TMAX,200,,,0,20.0
2001-10-17,TMAX,150,,,0,15.0
2001-10-18,TMAX,139,,,0,13.9
2001-10-19,TMAX,161,,,0,16.1
2001-10-20,TMAX,206,,,0,20.6
2001-10-21,TMAX,200,,,0,20.0
2001-10-22,TMAX,228,,,0,22.8
2001-10-23,TMAX,189,,,0,18.9
2001-10-24,TMAX,228,,,0,22.8
2001-10-25,TMAX,250,,,0,25.0
2001-10-26,TMAX,150,,,0,15.0
2001-10-27,TMAX,128,,,0,12.8
2001-10-28,TMAX,111,,,0,11.1
2001-10-29,TMAX,144,,,0,14.4
2001-10-30,TMAX,167,,,0,16.7
2001-10-31,TMAX,139,,,0,13.9
2001-10-01,TMIN,89,,,0,8.9
2001-10-02,TMIN,94,,,0,9.4
2001-10-03,TMIN,139,,,0,13.9
2001-10-04,TMIN,150,,,0,15.0
2001-10-05,TMIN,144,,,0,14.4
2001-10-06,TMIN,117,,,0,11.7
2001-10-07,TMIN,67,,,0,6.7
2001-10-08,TMIN,44,,,0,4.4
2001-10-09,TMIN,17,,,0,1.7
2001-10-10,TMIN,83,,,0,8.3
2001-10-11,TMIN,122,,,0,12.2
2001-10-12,TMIN,122,,,0,12.2
2001-10-13,TMIN,139,,,0,13.9
2001-10-14,TMIN,139,,,0,13.9
2001-10-15,TMIN,128,,,0,12.8
2001-10-16,TMIN,83,,,0,8.3
2001-10-17,TMIN,83,,,0,8.3
2001-10-18,TMIN,44,,,0,4.4
2001-10-19,TMIN,28,,,0,2.8
2001-10-20,TMIN,100,,,0,10.0
2001-10-21,TMIN,89,,,0,8.9
2001-10-22,TMIN,122,,,0,12.2
2001-10-23,TMIN,122,,,0,12.2
2001-10-24,TMIN,150,,,0,15.0
2001-10-25,TMIN,144,,,0,14.4
2001-10-26,TMIN,67,,,0,6.7
2001-10-27,TMIN,56,,,0,5.6
2001-10-28,TMIN,33,,,0,3.3
2001-10-29,TMIN,11,,,0,1.1
2001-10-30,TMIN,67,,,0,6.7
2001-10-31,TMIN,33,,,0,3.3
2002-10-01,TMAX,250,,,0,25.0
2002-10-02,TMAX,278,,,0,27.8
2002-10-03,TMAX,289,,,0,28.9
2002-10-04,TMAX,233,,,0,23.3
2002-10-05,TMAX,283,,,0,28.3
2002-10-06,TMAX,206,,,0,20.6
2002-10-07,TMAX,256,,,0,25.6
2002-10-08,TMAX,167,,,0,16.7
2002-10-09,TMAX,183,,,0,18.3
2002-10-10,TMAX,178,,,0,17.8
2002-10-11,TMAX,183,,,0,18.3
2002-10-12,TMAX,178,,,0,17.8
2002-10-13,TMAX,172,,,0,17.2
2002-10-14,TMAX,144,,,0,14.4
2002-10-15,TMAX,139,,,0,13.9
2002-10-16,TMAX,183,,,0,18.3
2002-10-17,TMAX,161,,,0,16.1
2002-10-18,TMAX,139,,,0,13.9
2002-10-19,TMAX,167,,,0,16.7
2002-10-20,TMAX,150,,,0,15.0
2002-10-21,TMAX,139,,,0,13.9
2002-10-22,TMAX,122,,,0,12.2
2002-10-23,TMAX,117,,,0,11.7
2002-10-24,TMAX,94,,,0,9.4
2002-10-25,TMAX,117,,,0,11.7
2002-10-26,TMAX,156,,,0,15.6
2002-10-27,TMAX,150,,,0,15.0
2002-10-28,TMAX,117,,,0,11.7
2002-10-29,TMAX,72,,,0,7.2
2002-10-30,TMAX,72,,,0,7.2
2002-10-31,TMAX,100,,,0,10.0
2002-10-01,TMIN,172,,,0,17.2
2002-10-02,TMIN,189,,,0,18.9
2002-10-03,TMIN,167,,,0,16.7
2002-10-04,TMIN,161,,,0,16.1
2002-10-05,TMIN,161,,,0,16.1
2002-10-06,TMIN,122,,,0,12.2
2002-10-07,TMIN,133,,,0,13.3
2002-10-08,TMIN,94,,,0,9.4
2002-10-09,TMIN,83,,,0,8.3
2002-10-10,TMIN,133,,,0,13.3
2002-10-11,TMIN,128,,,0,12.8
2002-10-12,TMIN,150,,,0,15.0
2002-10-13,TMIN,139,,,0,13.9
2002-10-14,TMIN,67,,,0,6.7
2002-10-15,TMIN,50,,,0,5.0
2002-10-16,TMIN,94,,,0,9.4
2002-10-17,TMIN,89,,,0,8.9
2002-10-18,TMIN,72,,,0,7.2
2002-10-19,TMIN,89,,,0,8.9
2002-10-20,TMIN,94,,,0,9.4
2002-10-21,TMIN,67,,,0,6.7
2002-10-22,TMIN,44,,,0,4.4
2002-10-23,TMIN,39,,,0,3.9
2002-10-24,TMIN,17,,,0,1.7
2002-10-25,TMIN,72,,,0,7.2
2002-10-26,TMIN,106,,,0,10.6
2002-10-27,TMIN,78,,,0,7.8
2002-10-28,TMIN,50,,,0,5.0
2002-10-29,TMIN,28,,,0,2.8
2002-10-30,TMIN,22,,,0,2.2
2002-10-31,TMIN,28,,,0,2.8
2003-10-01,TMAX,183,,,0,18.3
2003-10-02,TMAX,167,,,0,16.7
2003-10-03,TMAX,139,,,0,13.9
2003-10-04,TMAX,178,,,0,17.8
2003-10-05,TMAX,167,,,0,16.7
2003-10-06,TMAX,167,,,0,16.7
2003-10-07,TMAX,172,,,0,17.2
2003-10-08,TMAX,211,,,0,21.1
2003-10-09,TMAX,256,,,0,25.6
2003-10-10,TMAX,194,,,0,19.4
2003-10-11,TMAX,228,,,0,22.8
2003-10-12,TMAX,200,,,0,20.0
2003-10-13,TMAX,222,,,0,22.2
2003-10-14,TMAX,206,,,0,20.6
2003-10-15,TMAX,183,,,0,18.3
2003-10-16,TMAX,194,,,0,19.4
2003-10-17,TMAX,139,,,0,13.9
2003-10-18,TMAX,144,,,0,14.4
2003-10-19,TMAX,150,,,0,15.0
2003-10-20,TMAX,144,,,0,14.4
2003-10-21,TMAX,222,,,0,22.2
2003-10-22,TMAX,139,,,0,13.9
2003-10-23,TMAX,83,,,0,8.3
2003-10-24,TMAX,117,,,0,11.7
2003-10-25,TMAX,150,,,0,15.0
2003-10-26,TMAX,183,,,0,18.3
2003-10-27,TMAX,178,,,0,17.8
2003-10-28,TMAX,144,,,0,14.4
2003-10-29,TMAX,156,,,0,15.6
2003-10-30,TMAX,161,,,0,16.1
2003-10-31,TMAX,178,,,0,17.8
2003-10-01,TMIN,122,,,0,12.2
2003-10-02,TMIN,72,,,0,7.2
2003-10-03,TMIN,44,,,0,4.4
2003-10-04,TMIN,106,,,0,10.6
2003-10-05,TMIN,83,,,0,8.3
2003-10-06,TMIN,56,,,0,5.6
2003-10-07,TMIN,50,,,0,5.0
2003-10-08,TMIN,122,,,0,12.2
2003-10-09,TMIN,133,,,0,13.3
2003-10-10,TMIN,139,,,0,13.9
2003-10-11,TMIN,122,,,0,12.2
2003-10-12,TMIN,133,,,0,13.3
2003-10-13,TMIN,128,,,0,12.8
2003-10-14,TMIN,100,,,0,10.0
2003-10-15,TMIN,111,,,0,11.1
2003-10-16,TMIN,100,,,0,10.0
2003-10-17,TMIN,78,,,0,7.8
2003-10-18,TMIN,67,,,0,6.7
2003-10-19,TMIN,50,,,0,5.0
2003-10-20,TMIN,33,,,0,3.3
2003-10-21,TMIN,139,,,0,13.9
2003-10-22,TMIN,28,,,0,2.8
2003-10-23,TMIN,28,,,0,2.8
2003-10-24,TMIN,28,,,0,2.8
2003-10-25,TMIN,11,,,0,1.1
2003-10-26,TMIN,150,,,0,15.0
2003-10-27,TMIN,117,,,0,11.7
2003-10-28,TMIN,72,,,0,7.2
2003-10-29,TMIN,100,,,0,10.0
2003-10-30,TMIN,72,,,0,7.2
2003-10-31,TMIN,67,,,0,6.7
2004-10-01,TMAX,233,,,0,23.3
2004-10-02,TMAX,206,,,0,20.6
2004-10-03,TMAX,206,,,0,20.6
2004-10-04,TMAX,211,,,0,21.1
2004-10-05,TMAX,161,,,0,16.1
2004-10-06,TMAX,178,,,0,17.8
2004-10-07,TMAX,217,,,0,21.7
2004-10-08,TMAX,228,,,0,22.8
2004-10-09,TMAX,206,,,0,20.6
2004-10-10,TMAX,206,,,0,20.6
2004-10-11,TMAX,167,,,0,16.7
2004-10-12,TMAX,194,,,0,19.4
2004-10-13,TMAX,189,,,0,18.9
2004-10-14,TMAX,172,,,0,17.2
2004-10-15,TMAX,183,,,0,18.3
2004-10-16,TMAX,172,,,0,17.2
2004-10-17,TMAX,133,,,0,13.3
2004-10-18,TMAX,150,,,0,15.0
2004-10-19,TMAX,117,,,0,11.7
2004-10-20,TMAX,139,,,0,13.9
2004-10-21,TMAX,133,,,0,13.3
2004-10-22,TMAX,150,,,0,15.0
2004-10-23,TMAX,133,,,0,13.3
2004-10-24,TMAX,122,,,0,12.2
2004-10-25,TMAX,139,,,0,13.9
2004-10-26,TMAX,167,,,0,16.7
2004-10-27,TMAX,167,,,0,16.7
2004-10-28,TMAX,144,,,0,14.4
2004-10-29,TMAX,144,,,0,14.4
2004-10-30,TMAX,156,,,0,15.6
2004-10-31,TMAX,233,,,0,23.3
2004-10-01,TMIN,128,,,0,12.8
2004-10-02,TMIN,128,,,0,12.8
2004-10-03,TMIN,117,,,0,11.7
2004-10-04,TMIN,111,,,0,11.1
2004-10-05,TMIN,83,,,0,8.3
2004-10-06,TMIN,67,,,0,6.7
2004-10-07,TMIN,111,,,0,11.1
2004-10-08,TMIN,117,,,0,11.7
2004-10-09,TMIN,144,,,0,14.4
2004-10-10,TMIN,111,,,0,11.1
2004-10-11,TMIN,89,,,0,8.9
2004-10-12,TMIN,83,,,0,8.3
2004-10-13,TMIN,78,,,0,7.8
2004-10-14,TMIN,106,,,0,10.6
2004-10-15,TMIN,128,,,0,12.8
2004-10-16,TMIN,89,,,0,8.9
2004-10-17,TMIN,83,,,0,8.3
2004-10-18,TMIN,78,,,0,7.8
2004-10-19,TMIN,94,,,0,9.4
2004-10-20,TMIN,100,,,0,10.0
2004-10-21,TMIN,94,,,0,9.4
2004-10-22,TMIN,94,,,0,9.4
2004-10-23,TMIN,72,,,0,7.2
2004-10-24,TMIN,94,,,0,9.4
2004-10-25,TMIN,83,,,0,8.3
2004-10-26,TMIN,111,,,0,11.1
2004-10-27,TMIN,100,,,0,10.0
2004-10-28,TMIN,72,,,0,7.2
2004-10-29,TMIN,83,,,0,8.3
2004-10-30,TMIN,133,,,0,13.3
2004-10-31,TMIN,144,,,0,14.4
2005-10-01,TMAX,211,,,0,21.1
2005-10-02,TMAX,244,,,0,24.4
2005-10-03,TMAX,239,,,0,23.9
2005-10-04,TMAX,233,,,0,23.3
2005-10-05,TMAX,244,,,0,24.4
2005-10-06,TMAX,244,,,0,24.4
2005-10-07,TMAX,244,,,0,24.4
2005-10-08,TMAX,228,,,0,22.8
2005-10-09,TMAX,156,,,0,15.6
2005-10-10,TMAX,161,,,0,16.1
2005-10-11,TMAX,172,,,0,17.2
2005-10-12,TMAX,144,,,0,14.4
2005-10-13,TMAX,167,,,0,16.7
2005-10-14,TMAX,178,,,0,17.8
2005-10-15,TMAX,233,,,0,23.3
2005-10-16,TMAX,189,,,0,18.9
2005-10-17,TMAX,189,,,0,18.9
2005-10-18,TMAX,217,,,0,21.7
2005-10-19,TMAX,189,,,0,18.9
2005-10-20,TMAX,167,,,0,16.7
2005-10-21,TMAX,122,,,0,12.2
2005-10-22,TMAX,122,,,0,12.2
2005-10-23,TMAX,139,,,0,13.9
2005-10-24,TMAX,117,,,0,11.7
2005-10-25,TMAX,106,,,0,10.6
2005-10-26,TMAX,122,,,0,12.2
2005-10-27,TMAX,100,,,0,10.0
2005-10-28,TMAX,106,,,0,10.6
2005-10-29,TMAX,89,,,0,8.9
2005-10-30,TMAX,206,,,0,20.6
2005-10-31,TMAX,194,,,0,19.4
2005-10-01,TMIN,89,,,0,8.9
2005-10-02,TMIN,122,,,0,12.2
2005-10-03,TMIN,122,,,0,12.2
2005-10-04,TMIN,167,,,0,16.7
2005-10-05,TMIN,150,,,0,15.0
2005-10-06,TMIN,172,,,0,17.2
2005-10-07,TMIN,206,,,0,20.6
2005-10-08,TMIN,128,,,0,12.8
2005-10-09,TMIN,122,,,0,12.2
2005-10-10,TMIN,144,,,0,14.4
2005-10-11,TMIN,144,,,0,14.4
2005-10-12,TMIN,117,,,0,11.7
2005-10-13,TMIN,139,,,0,13.9
2005-10-14,TMIN,156,,,0,15.6
2005-10-15,TMIN,144,,,0,14.4
2005-10-16,TMIN,122,,,0,12.2
2005-10-17,TMIN,106,,,0,10.6
2005-10-18,TMIN,117,,,0,11.7
2005-10-19,TMIN,111,,,0,11.1
2005-10-20,TMIN,100,,,0,10.0
2005-10-21,TMIN,111,,,0,11.1
2005-10-22,TMIN,94,,,0,9.4
2005-10-23,TMIN,67,,,0,6.7
2005-10-24,TMIN,33,,,0,3.3
2005-10-25,TMIN,44,,,0,4.4
2005-10-26,TMIN,39,,,0,3.9
2005-10-27,TMIN,44,,,0,4.4
2005-10-28,TMIN,44,,,0,4.4
2005-10-29,TMIN,50,,,0,5.0
2005-10-30,TMIN,72,,,0,7.2
2005-10-31,TMIN,61,,,0,6.1
2006-10-01,TMAX,206,,,0,20.6
2006-10-02,TMAX,217,,,0,21.7
2006-10-03,TMAX,239,,,0,23.9
2006-10-04,TMAX,233,,,0,23.3
2006-10-05,TMAX,194,,,0,19.4
2006-10-06,TMAX,144,,,0,14.4
2006-10-07,TMAX,178,,,0,17.8
2006-10-08,TMAX,189,,,0,18.9
2006-10-09,TMAX,233,,,0,23.3
2006-10-10,TMAX,244,,,0,24.4
2006-10-11,TMAX,178,,,0,17.8
2006-10-12,TMAX,211,,,0,21.1
2006-10-13,TMAX,128,,,0,12.8
2006-10-14,TMAX,156,,,0,15.6
2006-10-15,TMAX,150,,,0,15.0
2006-10-16,TMAX,156,,,0,15.6
2006-10-17,TMAX,172,,,0,17.2
2006-10-18,TMAX,239,,,0,23.9
2006-10-19,TMAX,194,,,0,19.4
2006-10-20,TMAX,189,,,0,18.9
2006-10-21,TMAX,150,,,0,15.0
2006-10-22,TMAX,161,,,0,16.1
2006-10-23,TMAX,139,,,0,13.9
2006-10-24,TMAX,117,,,0,11.7
2006-10-25,TMAX,133,,,0,13.3
2006-10-26,TMAX,111,,,0,11.1
2006-10-27,TMAX,106,,,0,10.6
2006-10-28,TMAX,183,,,0,18.3
2006-10-29,TMAX,128,,,0,12.8
2006-10-30,TMAX,161,,,0,16.1
2006-10-31,TMAX,172,,,0,17.2
2006-10-01,TMIN,139,,,0,13.9
2006-10-02,TMIN,128,,,0,12.8
2006-10-03,TMIN,111,,,0,11.1
2006-10-04,TMIN,167,,,0,16.7
2006-10-05,TMIN,117,,,0,11.7
2006-10-06,TMIN,117,,,0,11.7
2006-10-07,TMIN,111,,,0,11.1
2006-10-08,TMIN,100,,,0,10.0
2006-10-09,TMIN,117,,,0,11.7
2006-10-10,TMIN,139,,,0,13.9
2006-10-11,TMIN,150,,,0,15.0
2006-10-12,TMIN,100,,,0,10.0
2006-10-13,TMIN,50,,,0,5.0
2006-10-14,TMIN,67,,,0,6.7
2006-10-15,TMIN,56,,,0,5.6
2006-10-16,TMIN,39,,,0,3.9
2006-10-17,TMIN,128,,,0,12.8
2006-10-18,TMIN,167,,,0,16.7
2006-10-19,TMIN,128,,,0,12.8
2006-10-20,TMIN,83,,,0,8.3
2006-10-21,TMIN,72,,,0,7.2
2006-10-22,TMIN,50,,,0,5.0
2006-10-23,TMIN,72,,,0,7.2
2006-10-24,TMIN,56,,,0,5.6
2006-10-25,TMIN,61,,,0,6.1
2006-10-26,TMIN,39,,,0,3.9
2006-10-27,TMIN,11,,,0,1.1
2006-10-28,TMIN,78,,,0,7.8
2006-10-29,TMIN,72,,,0,7.2
2006-10-30,TMIN,67,,,0,6.7
2006-10-31,TMIN,78,,,0,7.8
2007-10-01,TMAX,200,,,0,20.0
2007-10-02,TMAX,228,,,0,22.8
2007-10-03,TMAX,239,,,0,23.9
2007-10-04,TMAX,261,,,0,26.1
2007-10-05,TMAX,228,,,0,22.8
2007-10-06,TMAX,272,,,0,27.2
2007-10-07,TMAX,283,,,0,28.3
2007-10-08,TMAX,322,,,0,32.2
2007-10-09,TMAX,267,,,0,26.7
2007-10-10,TMAX,233,,,0,23.3
2007-10-11,TMAX,200,,,0,20.0
2007-10-12,TMAX,178,,,0,17.8
2007-10-13,TMAX,167,,,0,16.7
2007-10-14,TMAX,194,,,0,19.4
2007-10-15,TMAX,206,,,0,20.6
2007-10-16,TMAX,194,,,0,19.4
2007-10-17,TMAX,211,,,0,21.1
2007-10-18,TMAX,233,,,0,23.3
2007-10-19,TMAX,222,,,0,22.2
2007-10-20,TMAX,228,,,0,22.8
2007-10-21,TMAX,233,,,0,23.3
2007-10-22,TMAX,222,,,0,22.2
2007-10-23,TMAX,233,,,0,23.3
2007-10-24,TMAX,200,,,0,20.0
2007-10-25,TMAX,128,,,0,12.8
2007-10-26,TMAX,161,,,0,16.1
2007-10-27,TMAX,200,,,0,20.0
2007-10-28,TMAX,144,,,0,14.4
2007-10-29,TMAX,122,,,0,12.2
2007-10-30,TMAX,167,,,0,16.7
2007-10-31,TMAX,178,,,0,17.8
2007-10-01,TMIN,128,,,0,12.8
2007-10-02,TMIN,122,,,0,12.2
2007-10-03,TMIN,189,,,0,18.9
2007-10-04,TMIN,189,,,0,18.9
2007-10-05,TMIN,183,,,0,18.3
2007-10-06,TMIN,178,,,0,17.8
2007-10-07,TMIN,189,,,0,18.9
2007-10-08,TMIN,189,,,0,18.9
2007-10-09,TMIN,156,,,0,15.6
2007-10-10,TMIN,167,,,0,16.7
2007-10-11,TMIN,133,,,0,13.3
2007-10-12,TMIN,94,,,0,9.4
2007-10-13,TMIN,78,,,0,7.8
2007-10-14,TMIN,106,,,0,10.6
2007-10-15,TMIN,94,,,0,9.4
2007-10-16,TMIN,133,,,0,13.3
2007-10-17,TMIN,128,,,0,12.8
2007-10-18,TMIN,156,,,0,15.6
2007-10-19,TMIN,189,,,0,18.9
2007-10-20,TMIN,156,,,0,15.6
2007-10-21,TMIN,122,,,0,12.2
2007-10-22,TMIN,133,,,0,13.3
2007-10-23,TMIN,178,,,0,17.8
2007-10-24,TMIN,111,,,0,11.1
2007-10-25,TMIN,111,,,0,11.1
2007-10-26,TMIN,117,,,0,11.7
2007-10-27,TMIN,139,,,0,13.9
2007-10-28,TMIN,61,,,0,6.1
2007-10-29,TMIN,39,,,0,3.9
2007-10-30,TMIN,67,,,0,6.7
2007-10-31,TMIN,78,,,0,7.8
2008-10-01,TMAX,228,,,0,22.8
2008-10-02,TMAX,183,,,0,18.3
2008-10-03,TMAX,194,,,0,19.4
2008-10-04,TMAX,178,,,0,17.8
2008-10-05,TMAX,189,,,0,18.9
2008-10-06,TMAX,189,,,0,18.9
2008-10-07,TMAX,183,,,0,18.3
2008-10-08,TMAX,183,,,0,18.3
2008-10-09,TMAX,239,,,0,23.9
2008-10-10,TMAX,244,,,0,24.4
2008-10-11,TMAX,228,,,0,22.8
2008-10-12,TMAX,211,,,0,21.1
2008-10-13,TMAX,256,,,0,25.6
2008-10-14,TMAX,200,,,0,20.0
2008-10-15,TMAX,228,,,0,22.8
2008-10-16,TMAX,261,,,0,26.1
2008-10-17,TMAX,161,,,0,16.1
2008-10-18,TMAX,150,,,0,15.0
2008-10-19,TMAX,139,,,0,13.9
2008-10-20,TMAX,167,,,0,16.7
2008-10-21,TMAX,178,,,0,17.8
2008-10-22,TMAX,128,,,0,12.8
2008-10-23,TMAX,122,,,0,12.2
2008-10-24,TMAX,133,,,0,13.3
2008-10-25,TMAX,189,,,0,18.9
2008-10-26,TMAX,172,,,0,17.2
2008-10-27,TMAX,189,,,0,18.9
2008-10-28,TMAX,111,,,0,11.1
2008-10-29,TMAX,83,,,0,8.3
2008-10-30,TMAX,100,,,0,10.0
2008-10-31,TMAX,167,,,0,16.7
2008-10-01,TMIN,150,,,0,15.0
2008-10-02,TMIN,122,,,0,12.2
2008-10-03,TMIN,94,,,0,9.4
2008-10-04,TMIN,78,,,0,7.8
2008-10-05,TMIN,117,,,0,11.7
2008-10-06,TMIN,94,,,0,9.4
2008-10-07,TMIN,72,,,0,7.2
2008-10-08,TMIN,67,,,0,6.7
2008-10-09,TMIN,156,,,0,15.6
2008-10-10,TMIN,128,,,0,12.8
2008-10-11,TMIN,117,,,0,11.7
2008-10-12,TMIN,111,,,0,11.1
2008-10-13,TMIN,139,,,0,13.9
2008-10-14,TMIN,133,,,0,13.3
2008-10-15,TMIN,150,,,0,15.0
2008-10-16,TMIN,133,,,0,13.3
2008-10-17,TMIN,106,,,0,10.6
2008-10-18,TMIN,72,,,0,7.2
2008-10-19,TMIN,67,,,0,6.7
2008-10-20,TMIN,39,,,0,3.9
2008-10-21,TMIN,72,,,0,7.2
2008-10-22,TMIN,56,,,0,5.6
2008-10-23,TMIN,39,,,0,3.9
2008-10-24,TMIN,17,,,0,1.7
2008-10-25,TMIN,111,,,0,11.1
2008-10-26,TMIN,100,,,0,10.0
2008-10-27,TMIN,83,,,0,8.3
2008-10-28,TMIN,44,,,0,4.4
2008-10-29,TMIN,39,,,0,3.9
2008-10-30,TMIN,28,,,0,2.8
2008-10-31,TMIN,33,,,0,3.3
2009-10-01,TMAX,150,,,0,15.0
2009-10-02,TMAX,189,,,0,18.9
2009-10-03,TMAX,206,,,0,20.6
2009-10-04,TMAX,222,,,0,22.2
2009-10-05,TMAX,200,,,0,20.0
2009-10-06,TMAX,194,,,0,19.4
2009-10-07,TMAX,228,,,0,22.8
2009-10-08,TMAX,194,,,0,19.4
2009-10-09,TMAX,222,,,0,22.2
2009-10-10,TMAX,206,,,0,20.6
2009-10-11,TMAX,183,,,0,18.3
2009-10-12,TMAX,117,,,0,11.7
2009-10-13,TMAX,189,,,0,18.9
2009-10-14,TMAX,122,,,0,12.2
2009-10-15,TMAX,94,,,0,9.4
2009-10-16,TMAX,83,,,0,8.3
2009-10-17,TMAX,117,,,0,11.7
2009-10-18,TMAX,94,,,0,9.4
2009-10-19,TMAX,144,,,0,14.4
2009-10-20,TMAX,189,,,0,18.9
2009-10-21,TMAX,200,,,0,20.0
2009-10-22,TMAX,217,,,0,21.7
2009-10-23,TMAX,156,,,0,15.6
2009-10-24,TMAX,189,,,0,18.9
2009-10-25,TMAX,178,,,0,17.8
2009-10-26,TMAX,156,,,0,15.6
2009-10-27,TMAX,139,,,0,13.9
2009-10-28,TMAX,150,,,0,15.0
2009-10-29,TMAX,150,,,0,15.0
2009-10-30,TMAX,150,,,0,15.0
2009-10-31,TMAX,211,,,0,21.1
2009-10-01,TMIN,94,,,0,9.4
2009-10-02,TMIN,61,,,0,6.1
2009-10-03,TMIN,167,,,0,16.7
2009-10-04,TMIN,144,,,0,14.4
2009-10-05,TMIN,122,,,0,12.2
2009-10-06,TMIN,106,,,0,10.6
2009-10-07,TMIN,144,,,0,14.4
2009-10-08,TMIN,122,,,0,12.2
2009-10-09,TMIN,144,,,0,14.4
2009-10-10,TMIN,106,,,0,10.6
2009-10-11,TMIN,72,,,0,7.2
2009-10-12,TMIN,61,,,0,6.1
2009-10-13,TMIN,78,,,0,7.8
2009-10-14,TMIN,50,,,0,5.0
2009-10-15,TMIN,61,,,0,6.1
2009-10-16,TMIN,44,,,0,4.4
2009-10-17,TMIN,72,,,0,7.2
2009-10-18,TMIN,50,,,0,5.0
2009-10-19,TMIN,39,,,0,3.9
2009-10-20,TMIN,61,,,0,6.1
2009-10-21,TMIN,89,,,0,8.9
2009-10-22,TMIN,106,,,0,10.6
2009-10-23,TMIN,111,,,0,11.1
2009-10-24,TMIN,133,,,0,13.3
2009-10-25,TMIN,106,,,0,10.6
2009-10-26,TMIN,72,,,0,7.2
2009-10-27,TMIN,72,,,0,7.2
2009-10-28,TMIN,106,,,0,10.6
2009-10-29,TMIN,94,,,0,9.4
2009-10-30,TMIN,83,,,0,8.3
2009-10-31,TMIN,144,,,0,14.4
2010-10-01,TMAX,239,,,0,23.9
2010-10-02,TMAX,200,,,0,20.0
2010-10-03,TMAX,178,,,0,17.8
2010-10-04,TMAX,139,,,0,13.9
2010-10-05,TMAX,183,,,0,18.3
2010-10-06,TMAX,183,,,0,18.3
2010-10-07,TMAX,228,,,0,22.8
2010-10-08,TMAX,228,,,0,22.8
2010-10-09,TMAX,233,,,0,23.3
2010-10-10,TMAX,206,,,0,20.6
2010-10-11,TMAX,239,,,0,23.9
2010-10-12,TMAX,217,,,0,21.7
2010-10-13,TMAX,189,,,0,18.9
2010-10-14,TMAX,183,,,0,18.3
2010-10-15,TMAX,156,,,0,15.6
2010-10-16,TMAX,161,,,0,16.1
2010-10-17,TMAX,217,,,0,21.7
2010-10-18,TMAX,167,,,0,16.7
2010-10-19,TMAX,150,,,0,15.0
2010-10-20,TMAX,156,,,0,15.6
2010-10-21,TMAX,183,,,0,18.3
2010-10-22,TMAX,128,,,0,12.8
2010-10-23,TMAX,183,,,0,18.3
2010-10-24,TMAX,189,,,0,18.9
2010-10-25,TMAX,206,,,0,20.6
2010-10-26,TMAX,206,,,0,20.6
2010-10-27,TMAX,194,,,0,19.4
2010-10-28,TMAX,244,,,0,24.4
2010-10-29,TMAX,150,,,0,15.0
2010-10-30,TMAX,144,,,0,14.4
2010-10-31,TMAX,167,,,0,16.7
2010-10-01,TMIN,144,,,0,14.4
2010-10-02,TMIN,111,,,0,11.1
2010-10-03,TMIN,111,,,0,11.1
2010-10-04,TMIN,117,,,0,11.7
2010-10-05,TMIN,133,,,0,13.3
2010-10-06,TMIN,128,,,0,12.8
2010-10-07,TMIN,117,,,0,11.7
2010-10-08,TMIN,122,,,0,12.2
2010-10-09,TMIN,111,,,0,11.1
2010-10-10,TMIN,67,,,0,6.7
2010-10-11,TMIN,128,,,0,12.8
2010-10-12,TMIN,122,,,0,12.2
2010-10-13,TMIN,89,,,0,8.9
2010-10-14,TMIN,83,,,0,8.3
2010-10-15,TMIN,100,,,0,10.0
2010-10-16,TMIN,106,,,0,10.6
2010-10-17,TMIN,89,,,0,8.9
2010-10-18,TMIN,94,,,0,9.4
2010-10-19,TMIN,89,,,0,8.9
2010-10-20,TMIN,78,,,0,7.8
2010-10-21,TMIN,100,,,0,10.0
2010-10-22,TMIN,83,,,0,8.3
2010-10-23,TMIN,72,,,0,7.2
2010-10-24,TMIN,111,,,0,11.1
2010-10-25,TMIN,111,,,0,11.1
2010-10-26,TMIN,156,,,0,15.6
2010-10-27,TMIN,172,,,0,17.2
2010-10-28,TMIN,122,,,0,12.2
2010-10-29,TMIN,89,,,0,8.9
2010-10-30,TMIN,61,,,0,6.1
2010-10-31,TMIN,56,,,0,5.6
2011-10-01,TMAX,211,,,X,21.1
2011-10-02,TMAX,183,,,X,18.3
2011-10-03,TMAX,144,,,X,14.4
2011-10-04,TMAX,183,,,X,18.3
2011-10-05,TMAX,233,,,X,23.3
2011-10-06,TMAX,206,,,X,20.6
2011-10-07,TMAX,189,,,X,18.9
2011-10-08,TMAX,244,,,X,24.4
2011-10-09,TMAX,306,,,X,30.6
2011-10-10,TMAX,289,,,X,28.9
2011-10-11,TMAX,244,,,X,24.4
2011-10-12,TMAX,178,,,X,17.8
2011-10-13,TMAX,200,,,X,20.0
2011-10-14,TMAX,217,,,X,21.7
2011-10-15,TMAX,206,,,X,20.6
2011-10-16,TMAX,200,,,X,20.0
2011-10-17,TMAX,200,,,X,20.0
2011-10-18,TMAX,206,,,X,20.6
2011-10-19,TMAX,206,,,X,20.6
2011-10-20,TMAX,206,,,X,20.6
2011-10-21,TMAX,150,,,X,15.0
2011-10-22,TMAX,167,,,X,16.7
2011-10-23,TMAX,156,,,X,15.6
2011-10-24,TMAX,167,,,X,16.7
2011-10-25,TMAX,178,,,X,17.8
2011-10-26,TMAX,167,,,X,16.7
2011-10-27,TMAX,144,,,X,14.4
2011-10-28,TMAX,106,,,X,10.6
2011-10-29,TMAX,72,,,X,7.2
2011-10-30,TMAX,89,,,X,8.9
2011-10-31,TMAX,122,,,X,12.2
2011-10-01,TMIN,111,,,X,11.1
2011-10-02,TMIN,106,,,X,10.6
2011-10-03,TMIN,89,,,X,8.9
2011-10-04,TMIN,94,,,X,9.4
2011-10-05,TMIN,111,,,X,11.1
2011-10-06,TMIN,83,,,X,8.3
2011-10-07,TMIN,89,,,X,8.9
2011-10-08,TMIN,122,,,X,12.2
2011-10-09,TMIN,139,,,X,13.9
2011-10-10,TMIN,156,,,X,15.6
2011-10-11,TMIN,167,,,X,16.7
2011-10-12,TMIN,156,,,X,15.6
2011-10-13,TMIN,161,,,X,16.1
2011-10-14,TMIN,150,,,X,15.0
2011-10-15,TMIN,133,,,X,13.3
2011-10-16,TMIN,133,,,X,13.3
2011-10-17,TMIN,139,,,X,13.9
2011-10-18,TMIN,122,,,X,12.2
2011-10-19,TMIN,150,,,X,15.0
2011-10-20,TMIN,128,,,X,12.8
2011-10-21,TMIN,106,,,X,10.6
2011-10-22,TMIN,89,,,X,8.9
2011-10-23,TMIN,106,,,X,10.6
2011-10-24,TMIN,83,,,X,8.3
2011-10-25,TMIN,106,,,X,10.6
2011-10-26,TMIN,83,,,X,8.3
2011-10-27,TMIN,33,,,X,3.3
2011-10-28,TMIN,28,,,X,2.8
2011-10-29,TMIN,6,,,X,0.6
2011-10-30,TMIN,11,,,X,1.1
2011-10-31,TMIN,0,,,X,0.0
2012-10-01,TMAX,222,,,X,22.2
2012-10-02,TMAX,217,,,X,21.7
2012-10-03,TMAX,233,,,X,23.3
2012-10-04,TMAX,239,,,X,23.9
2012-10-05,TMAX,250,,,X,25.0
2012-10-06,TMAX,244,,,X,24.4
2012-10-07,TMAX,133,,,X,13.3
2012-10-08,TMAX,133,,,X,13.3
2012-10-09,TMAX,150,,,X,15.0
2012-10-10,TMAX,200,,,X,20.0
2012-10-11,TMAX,156,,,X,15.6
2012-10-12,TMAX,156,,,X,15.6
2012-10-13,TMAX,128,,,X,12.8
2012-10-14,TMAX,222,,,X,22.2
2012-10-15,TMAX,206,,,X,20.6
2012-10-16,TMAX,161,,,X,16.1
2012-10-17,TMAX,156,,,X,15.6
2012-10-18,TMAX,189,,,X,18.9
2012-10-19,TMAX,194,,,X,19.4
2012-10-20,TMAX,211,,,X,21.1
2012-10-21,TMAX,200,,,X,20.0
2012-10-22,TMAX,206,,,X,20.6
2012-10-23,TMAX,189,,,X,18.9
2012-10-24,TMAX,167,,,X,16.7
2012-10-25,TMAX,167,,,X,16.7
2012-10-26,TMAX,217,,,X,21.7
2012-10-27,TMAX,194,,,X,19.4
2012-10-28,TMAX,156,,,X,15.6
2012-10-29,TMAX,189,,,X,18.9
2012-10-30,TMAX,150,,,X,15.0
2012-10-31,TMAX,111,,,X,11.1
2012-10-01,TMIN,122,,,X,12.2
2012-10-02,TMIN,172,,,X,17.2
2012-10-03,TMIN,183,,,X,18.3
2012-10-04,TMIN,194,,,X,19.4
2012-10-05,TMIN,161,,,X,16.1
2012-10-06,TMIN,122,,,X,12.2
2012-10-07,TMIN,83,,,X,8.3
2012-10-08,TMIN,72,,,X,7.2
2012-10-09,TMIN,111,,,X,11.1
2012-10-10,TMIN,122,,,X,12.2
2012-10-11,TMIN,89,,,X,8.9
2012-10-12,TMIN,61,,,X,6.1
2012-10-13,TMIN,28,,,X,2.8
2012-10-14,TMIN,128,,,X,12.8
2012-10-15,TMIN,161,,,X,16.1
2012-10-16,TMIN,89,,,X,8.9
2012-10-17,TMIN,56,,,X,5.6
2012-10-18,TMIN,72,,,X,7.2
2012-10-19,TMIN,167,,,X,16.7
2012-10-20,TMIN,128,,,X,12.8
2012-10-21,TMIN,106,,,X,10.6
2012-10-22,TMIN,106,,,X,10.6
2012-10-23,TMIN,111,,,X,11.1
2012-10-24,TMIN,139,,,X,13.9
2012-10-25,TMIN,122,,,X,12.2
2012-10-26,TMIN,139,,,X,13.9
2012-10-27,TMIN,150,,,X,15.0
2012-10-28,TMIN,117,,,X,11.7
2012-10-29,TMIN,111,,,X,11.1
2012-10-30,TMIN,89,,,X,8.9
2012-10-31,TMIN,78,,,X,7.8
2013-10-01,TMAX,272,,,W,27.2
2013-10-02,TMAX,294,,,W,29.4
2013-10-03,TMAX,250,,,W,25.0
2013-10-04,TMAX,267,,,W,26.7
2013-10-05,TMAX,244,,,W,24.4
2013-10-06,TMAX,206,,,W,20.6
2013-10-07,TMAX,256,,,W,25.6
2013-10-08,TMAX,200,,,W,20.0
2013-10-09,TMAX,183,,,W,18.3
2013-10-10,TMAX,189,,,W,18.9
2013-10-11,TMAX,206,,,W,20.6
2013-10-12,TMAX,239,,,W,23.9
2013-10-13,TMAX,200,,,W,20.0
2013-10-14,TMAX,189,,,W,18.9
2013-10-15,TMAX,211,,,W,21.1
2013-10-16,TMAX,194,,,W,19.4
2013-10-17,TMAX,222,,,W,22.2
2013-10-18,TMAX,211,,,W,21.1
2013-10-19,TMAX,183,,,W,18.3
2013-10-20,TMAX,178,,,W,17.8
2013-10-21,TMAX,189,,,W,18.9
2013-10-22,TMAX,200,,,W,20.0
2013-10-23,TMAX,128,,,W,12.8
2013-10-24,TMAX,133,,,W,13.3
2013-10-25,TMAX,133,,,W,13.3
2013-10-26,TMAX,133,,,W,13.3
2013-10-27,TMAX,144,,,W,14.4
2013-10-28,TMAX,156,,,W,15.6
2013-10-29,TMAX,139,,,W,13.9
2013-10-30,TMAX,161,,,W,16.1
2013-10-31,TMAX,194,,,W,19.4
2013-10-01,TMIN,144,,,W,14.4
2013-10-02,TMIN,156,,,W,15.6
2013-10-03,TMIN,156,,,W,15.6
2013-10-04,TMIN,167,,,W,16.7
2013-10-05,TMIN,178,,,W,17.8
2013-10-06,TMIN,183,,,W,18.3
2013-10-07,TMIN,161,,,W,16.1
2013-10-08,TMIN,128,,,W,12.8
2013-10-09,TMIN,117,,,W,11.7
2013-10-10,TMIN,133,,,W,13.3
2013-10-11,TMIN,156,,,W,15.6
2013-10-12,TMIN,150,,,W,15.0
2013-10-13,TMIN,106,,,W,10.6
2013-10-14,TMIN,94,,,W,9.4
2013-10-15,TMIN,100,,,W,10.0
2013-10-16,TMIN,122,,,W,12.2
2013-10-17,TMIN,161,,,W,16.1
2013-10-18,TMIN,133,,,W,13.3
2013-10-19,TMIN,100,,,W,10.0
2013-10-20,TMIN,100,,,W,10.0
2013-10-21,TMIN,94,,,W,9.4
2013-10-22,TMIN,106,,,W,10.6
2013-10-23,TMIN,72,,,W,7.2
2013-10-24,TMIN,50,,,W,5.0
2013-10-25,TMIN,39,,,W,3.9
2013-10-26,TMIN,44,,,W,4.4
2013-10-27,TMIN,83,,,W,8.3
2013-10-28,TMIN,44,,,W,4.4
2013-10-29,TMIN,67,,,W,6.7
2013-10-30,TMIN,67,,,W,6.7
2013-10-31,TMIN,117,,,W,11.7
2014-10-01,TMAX,194,,,W,19.4
2014-10-02,TMAX,200,,,W,20.0
2014-10-03,TMAX,200,,,W,20.0
2014-10-04,TMAX,222,,,W,22.2
2014-10-05,TMAX,161,,,W,16.1
2014-10-06,TMAX,211,,,W,21.1
2014-10-07,TMAX,233,,,W,23.3
2014-10-08,TMAX,239,,,W,23.9
2014-10-09,TMAX,206,,,W,20.6
2014-10-10,TMAX,178,,,W,17.8
2014-10-11,TMAX,150,,,W,15.0
2014-10-12,TMAX,183,,,W,18.3
2014-10-13,TMAX,189,,,W,18.9
2014-10-14,TMAX,239,,,W,23.9
2014-10-15,TMAX,244,,,W,24.4
2014-10-16,TMAX,217,,,W,21.7
2014-10-17,TMAX,222,,,W,22.2
2014-10-18,TMAX,222,,,W,22.2
2014-10-19,TMAX,144,,,W,14.4
2014-10-20,TMAX,161,,,W,16.1
2014-10-21,TMAX,194,,,W,19.4
2014-10-22,TMAX,144,,,W,14.4
2014-10-23,TMAX,122,,,W,12.2
2014-10-24,TMAX,172,,,W,17.2
2014-10-25,TMAX,200,,,W,20.0
2014-10-26,TMAX,183,,,W,18.3
2014-10-27,TMAX,178,,,W,17.8
2014-10-28,TMAX,211,,,W,21.1
2014-10-29,TMAX,233,,,W,23.3
2014-10-30,TMAX,161,,,W,16.1
2014-10-31,TMAX,128,,,W,12.8
2014-10-01,TMIN,167,,,W,16.7
2014-10-02,TMIN,161,,,W,16.1
2014-10-03,TMIN,128,,,W,12.8
2014-10-04,TMIN,111,,,W,11.1
2014-10-05,TMIN,83,,,W,8.3
2014-10-06,TMIN,72,,,W,7.2
2014-10-07,TMIN,183,,,W,18.3
2014-10-08,TMIN,167,,,W,16.7
2014-10-09,TMIN,133,,,W,13.3
2014-10-10,TMIN,111,,,W,11.1
2014-10-11,TMIN,100,,,W,10.0
2014-10-12,TMIN,78,,,W,7.8
2014-10-13,TMIN,78,,,W,7.8
2014-10-14,TMIN,178,,,W,17.8
2014-10-15,TMIN,200,,,W,20.0
2014-10-16,TMIN,156,,,W,15.6
2014-10-17,TMIN,156,,,W,15.6
2014-10-18,TMIN,139,,,W,13.9
2014-10-19,TMIN,67,,,W,6.7
2014-10-20,TMIN,56,,,W,5.6
2014-10-21,TMIN,117,,,W,11.7
2014-10-22,TMIN,111,,,W,11.1
2014-10-23,TMIN,106,,,W,10.6
2014-10-24,TMIN,106,,,W,10.6
2014-10-25,TMIN,100,,,W,10.0
2014-10-26,TMIN,122,,,W,12.2
2014-10-27,TMIN,100,,,W,10.0
2014-10-28,TMIN,89,,,W,8.9
2014-10-29,TMIN,111,,,W,11.1
2014-10-30,TMIN,78,,,W,7.8
2014-10-31,TMIN,78,,,W,7.8
2015-10-01,TMAX,161,,,W,16.1
2015-10-02,TMAX,139,,,W,13.9
2015-10-03,TMAX,139,,,W,13.9
2015-10-04,TMAX,189,,,W,18.9
2015-10-05,TMAX,194,,,W,19.4
2015-10-06,TMAX,233,,,W,23.3
2015-10-07,TMAX,217,,,W,21.7
2015-10-08,TMAX,211,,,W,21.1
2015-10-09,TMAX,233,,,W,23.3
2015-10-10,TMAX,189,,,W,18.9
2015-10-11,TMAX,200,,,W,20.0
2015-10-12,TMAX,222,,,W,22.2
2015-10-13,TMAX,233,,,W,23.3
2015-10-14,TMAX,211,,,W,21.1
2015-10-15,TMAX,183,,,W,18.3
2015-10-16,TMAX,189,,,W,18.9
2015-10-17,TMAX,144,,,W,14.4
2015-10-18,TMAX,117,,,W,11.7
2015-10-19,TMAX,111,,,W,11.1
2015-10-20,TMAX,211,,,W,21.1
2015-10-21,TMAX,217,,,W,21.7
2015-10-22,TMAX,211,,,W,21.1
2015-10-23,TMAX,189,,,W,18.9
2015-10-24,TMAX,150,,,W,15.0
2015-10-25,TMAX,211,,,W,21.1
2015-10-26,TMAX,156,,,W,15.6
2015-10-27,TMAX,150,,,W,15.0
2015-10-28,TMAX,200,,,W,20.0
2015-10-29,TMAX,233,,,W,23.3
2015-10-30,TMAX,172,,,W,17.2
2015-10-31,TMAX,128,,,W,12.8
2015-10-01,TMIN,133,,,W,13.3
2015-10-02,TMIN,100,,,W,10.0
2015-10-03,TMIN,106,,,W,10.6
2015-10-04,TMIN,122,,,W,12.2
2015-10-05,TMIN,117,,,W,11.7
2015-10-06,TMIN,106,,,W,10.6
2015-10-07,TMIN,139,,,W,13.9
2015-10-08,TMIN,128,,,W,12.8
2015-10-09,TMIN,161,,,W,16.1
2015-10-10,TMIN,111,,,W,11.1
2015-10-11,TMIN,100,,,W,10.0
2015-10-12,TMIN,117,,,W,11.7
2015-10-13,TMIN,156,,,W,15.6
2015-10-14,TMIN,144,,,W,14.4
2015-10-15,TMIN,111,,,W,11.1
2015-10-16,TMIN,122,,,W,12.2
2015-10-17,TMIN,61,,,W,6.1
2015-10-18,TMIN,33,,,W,3.3
2015-10-19,TMIN,22,,,W,2.2
2015-10-20,TMIN,94,,,W,9.4
2015-10-21,TMIN,111,,,W,11.1
2015-10-22,TMIN,117,,,W,11.7
2015-10-23,TMIN,67,,,W,6.7
2015-10-24,TMIN,56,,,W,5.6
2015-10-25,TMIN,94,,,W,9.4
2015-10-26,TMIN,72,,,W,7.2
2015-10-27,TMIN,56,,,W,5.6
2015-10-28,TMIN,111,,,W,11.1
2015-10-29,TMIN,150,,,W,15.0
2015-10-30,TMIN,83,,,W,8.3
2015-10-31,TMIN,44,,,W,4.4
2016-10-01,TMAX,172,,,W,17.2
2016-10-02,TMAX,183,,,W,18.3
2016-10-03,TMAX,228,,,W,22.8
2016-10-04,TMAX,211,,,W,21.1
2016-10-05,TMAX,206,,,W,20.6
2016-10-06,TMAX,217,,,W,21.7
2016-10-07,TMAX,228,,,W,22.8
2016-10-08,TMAX,217,,,W,21.7
2016-10-09,TMAX,189,,,W,18.9
2016-10-10,TMAX,178,,,W,17.8
2016-10-11,TMAX,172,,,W,17.2
2016-10-12,TMAX,189,,,W,18.9
2016-10-13,TMAX,211,,,W,21.1
2016-10-14,TMAX,172,,,W,17.2
2016-10-15,TMAX,178,,,W,17.8
2016-10-16,TMAX,206,,,W,20.6
2016-10-17,TMAX,239,,,W,23.9
2016-10-18,TMAX,239,,,W,23.9
2016-10-19,TMAX,300,,,W,30.0
2016-10-20,TMAX,222,,,W,22.2
2016-10-21,TMAX,228,,,W,22.8
2016-10-22,TMAX,156,,,W,15.6
2016-10-23,TMAX,178,,,W,17.8
2016-10-24,TMAX,189,,,W,18.9
2016-10-25,TMAX,122,,,W,12.2
2016-10-26,TMAX,117,,,W,11.7
2016-10-27,TMAX,167,,,W,16.7
2016-10-28,TMAX,139,,,W,13.9
2016-10-29,TMAX,172,,,W,17.2
2016-10-30,TMAX,228,,,W,22.8
2016-10-31,TMAX,139,,,W,13.9
2016-10-01,TMIN,144,,,W,14.4
2016-10-02,TMIN,144,,,W,14.4
2016-10-03,TMIN,161,,,W,16.1
2016-10-04,TMIN,139,,,W,13.9
2016-10-05,TMIN,106,,,W,10.6
2016-10-06,TMIN,111,,,W,11.1
2016-10-07,TMIN,111,,,W,11.1
2016-10-08,TMIN,128,,,W,12.8
2016-10-09,TMIN,117,,,W,11.7
2016-10-10,TMIN,83,,,W,8.3
2016-10-11,TMIN,72,,,W,7.2
2016-10-12,TMIN,94,,,W,9.4
2016-10-13,TMIN,100,,,W,10.0
2016-10-14,TMIN,83,,,W,8.3
2016-10-15,TMIN,72,,,W,7.2
2016-10-16,TMIN,106,,,W,10.6
2016-10-17,TMIN,161,,,W,16.1
2016-10-18,TMIN,161,,,W,16.1
2016-10-19,TMIN,161,,,W,16.1
2016-10-20,TMIN,150,,,W,15.0
2016-10-21,TMIN,156,,,W,15.6
2016-10-22,TMIN,89,,,W,8.9
2016-10-23,TMIN,78,,,W,7.8
2016-10-24,TMIN,89,,,W,8.9
2016-10-25,TMIN,67,,,W,6.7
2016-10-26,TMIN,44,,,W,4.4
2016-10-27,TMIN,56,,,W,5.6
2016-10-28,TMIN,61,,,W,6.1
2016-10-29,TMIN,39,,,W,3.9
2016-10-30,TMIN,133,,,W,13.3
2016-10-31,TMIN,67,,,W,6.7
2017-10-01,TMAX,206,,,W,20.6
2017-10-02,TMAX,228,,,W,22.8
2017-10-03,TMAX,211,,,W,21.1
2017-10-04,TMAX,222,,,W,22.2
2017-10-05,TMAX,283,,,W,28.3
2017-10-06,TMAX,272,,,W,27.2
2017-10-07,TMAX,261,,,W,26.1
2017-10-08,TMAX,228,,,W,22.8
2017-10-09,TMAX,244,,,W,24.4
2017-10-10,TMAX,289,,,W,28.9
2017-10-11,TMAX,250,,,W,25.0
2017-10-12,TMAX,189,,,W,18.9
2017-10-13,TMAX,194,,,W,19.4
2017-10-14,TMAX,233,,,W,23.3
2017-10-15,TMAX,233,,,W,23.3
2017-10-16,TMAX,206,,,W,20.6
2017-10-17,TMAX,156,,,W,15.6
2017-10-18,TMAX,217,,,W,21.7
2017-10-19,TMAX,211,,,W,21.1
2017-10-20,TMAX,239,,,W,23.9
2017-10-21,TMAX,244,,,W,24.4
2017-10-22,TMAX,222,,,W,22.2
2017-10-23,TMAX,228,,,W,22.8
2017-10-24,TMAX,233,,,W,23.3
2017-10-25,TMAX,189,,,W,18.9
2017-10-26,TMAX,150,,,W,15.0
2017-10-27,TMAX,161,,,W,16.1
2017-10-28,TMAX,200,,,W,20.0
2017-10-29,TMAX,194,,,W,19.4
2017-10-30,TMAX,167,,,W,16.7
2017-10-31,TMAX,150,,,W,15.0
2017-10-01,TMIN,100,,,W,10.0
2017-10-02,TMIN,111,,,W,11.1
2017-10-03,TMIN,106,,,W,10.6
2017-10-04,TMIN,128,,,W,12.8
2017-10-05,TMIN,172,,,W,17.2
2017-10-06,TMIN,189,,,W,18.9
2017-10-07,TMIN,172,,,W,17.2
2017-10-08,TMIN,211,,,W,21.1
2017-10-09,TMIN,211,,,W,21.1
2017-10-10,TMIN,189,,,W,18.9
2017-10-11,TMIN,167,,,W,16.7
2017-10-12,TMIN,122,,,W,12.2
2017-10-13,TMIN,117,,,W,11.7
2017-10-14,TMIN,156,,,W,15.6
2017-10-15,TMIN,183,,,W,18.3
2017-10-16,TMIN,78,,,W,7.8
2017-10-17,TMIN,56,,,W,5.6
2017-10-18,TMIN,100,,,W,10.0
2017-10-19,TMIN,106,,,W,10.6
2017-10-20,TMIN,133,,,W,13.3
2017-10-21,TMIN,89,,,W,8.9
2017-10-22,TMIN,94,,,W,9.4
2017-10-23,TMIN,128,,,W,12.8
2017-10-24,TMIN,183,,,W,18.3
2017-10-25,TMIN,144,,,W,14.4
2017-10-26,TMIN,100,,,W,10.0
2017-10-27,TMIN,78,,,W,7.8
2017-10-28,TMIN,100,,,W,10.0
2017-10-29,TMIN,156,,,W,15.6
2017-10-30,TMIN,83,,,W,8.3
2017-10-31,TMIN,67,,,W,6.7
2018-10-01,TMAX,239,,,W,23.9
2018-10-02,TMAX,250,,,W,25.0
2018-10-03,TMAX,256,,,W,25.6
2018-10-04,TMAX,239,,,W,23.9
2018-10-05,TMAX,217,,,W,21.7
2018-10-06,TMAX,206,,,W,20.6
2018-10-07,TMAX,267,,,W,26.7
2018-10-08,TMAX,217,,,W,21.7
2018-10-09,TMAX,233,,,W,23.3
2018-10-10,TMAX,250,,,W,25.0
2018-10-11,TMAX,244,,,W,24.4
2018-10-12,TMAX,211,,,W,21.1
2018-10-13,TMAX,144,,,W,14.4
2018-10-14,TMAX,150,,,W,15.0
2018-10-15,TMAX,200,,,W,20.0
2018-10-16,TMAX,167,,,W,16.7
2018-10-17,TMAX,172,,,W,17.2
2018-10-18,TMAX,111,,,W,11.1
2018-10-19,TMAX,156,,,W,15.6
2018-10-20,TMAX,172,,,W,17.2
2018-10-21,TMAX,117,,,W,11.7
2018-10-22,TMAX,111,,,W,11.1
2018-10-23,TMAX,172,,,W,17.2
2018-10-24,TMAX,133,,,W,13.3
2018-10-25,TMAX,117,,,W,11.7
2018-10-26,TMAX,94,,,W,9.4
2018-10-27,TMAX,144,,,W,14.4
2018-10-28,TMAX,122,,,W,12.2
2018-10-29,TMAX,144,,,W,14.4
2018-10-30,TMAX,139,,,W,13.9
2018-10-31,TMAX,172,,,W,17.2
2018-10-01,TMIN,172,,,W,17.2
2018-10-02,TMIN,183,,,W,18.3
2018-10-03,TMIN,172,,,W,17.2
2018-10-04,TMIN,150,,,W,15.0
2018-10-05,TMIN,161,,,W,16.1
2018-10-06,TMIN,172,,,W,17.2
2018-10-07,TMIN,206,,,W,20.6
2018-10-08,TMIN,178,,,W,17.8
2018-10-09,TMIN,194,,,W,19.4
2018-10-10,TMIN,189,,,W,18.9
2018-10-11,TMIN,194,,,W,19.4
2018-10-12,TMIN,106,,,W,10.6
2018-10-13,TMIN,89,,,W,8.9
2018-10-14,TMIN,78,,,W,7.8
2018-10-15,TMIN,111,,,W,11.1
2018-10-16,TMIN,83,,,W,8.3
2018-10-17,TMIN,83,,,W,8.3
2018-10-18,TMIN,50,,,W,5.0
2018-10-19,TMIN,50,,,W,5.0
2018-10-20,TMIN,111,,,W,11.1
2018-10-21,TMIN,44,,,W,4.4
2018-10-22,TMIN,39,,,W,3.9
2018-10-23,TMIN,83,,,W,8.3
2018-10-24,TMIN,67,,,W,6.7
2018-10-25,TMIN,44,,,W,4.4
2018-10-26,TMIN,22,,,W,2.2
2018-10-27,TMIN,61,,,W,6.1
2018-10-28,TMIN,78,,,W,7.8
2018-10-29,TMIN,83,,,W,8.3
2018-10-30,TMIN,61,,,W,6.1
2018-10-31,TMIN,33,,,W,3.3
2019-10-01,TMAX,256,,,W,25.6
2019-10-02,TMAX,350,,,W,35.0
2019-10-03,TMAX,178,,,W,17.8
2019-10-04,TMAX,200,,,W,20.0
2019-10-05,TMAX,150,,,W,15.0
2019-10-06,TMAX,206,,,W,20.6
2019-10-07,TMAX,244,,,W,24.4
2019-10-08,TMAX,178,,,W,17.8
2019-10-09,TMAX,156,,,W,15.6
2019-10-10,TMAX,222,,,W,22.2
2019-10-11,TMAX,178,,,W,17.8
2019-10-12,TMAX,200,,,W,20.0
2019-10-13,TMAX,183,,,W,18.3
2019-10-14,TMAX,211,,,W,21.1
2019-10-15,TMAX,178,,,W,17.8
2019-10-16,TMAX,189,,,W,18.9
2019-10-17,TMAX,150,,,W,15.0
2019-10-18,TMAX,161,,,W,16.1
2019-10-19,TMAX,150,,,W,15.0
2019-10-20,TMAX,161,,,W,16.1
2019-10-21,TMAX,200,,,W,20.0
2019-10-22,TMAX,178,,,W,17.8
2019-10-23,TMAX,194,,,W,19.4
2019-10-24,TMAX,183,,,W,18.3
2019-10-25,TMAX,172,,,W,17.2
2019-10-26,TMAX,178,,,W,17.8
2019-10-27,TMAX,206,,,W,20.6
2019-10-28,TMAX,183,,,W,18.3
2019-10-29,TMAX,161,,,W,16.1
2019-10-30,TMAX,183,,,W,18.3
2019-10-31,TMAX,200,,,W,20.0
2019-10-01,TMIN,167,,,W,16.7
2019-10-02,TMIN,178,,,W,17.8
2019-10-03,TMIN,117,,,W,11.7
2019-10-04,TMIN,100,,,W,10.0
2019-10-05,TMIN,72,,,W,7.2
2019-10-06,TMIN,144,,,W,14.4
2019-10-07,TMIN,156,,,W,15.6
2019-10-08,TMIN,144,,,W,14.4
2019-10-09,TMIN,117,,,W,11.7
2019-10-10,TMIN,117,,,W,11.7
2019-10-11,TMIN,128,,,W,12.8
2019-10-12,TMIN,128,,,W,12.8
2019-10-13,TMIN,117,,,W,11.7
2019-10-14,TMIN,128,,,W,12.8
2019-10-15,TMIN,94,,,W,9.4
2019-10-16,TMIN,89,,,W,8.9
2019-10-17,TMIN,111,,,W,11.1
2019-10-18,TMIN,78,,,W,7.8
2019-10-19,TMIN,44,,,W,4.4
2019-10-20,TMIN,67,,,W,6.7
2019-10-21,TMIN,106,,,W,10.6
2019-10-22,TMIN,117,,,W,11.7
2019-10-23,TMIN,122,,,W,12.2
2019-10-24,TMIN,72,,,W,7.2
2019-10-25,TMIN,78,,,W,7.8
2019-10-26,TMIN,100,,,W,10.0
2019-10-27,TMIN,117,,,W,11.7
2019-10-28,TMIN,106,,,W,10.6
2019-10-29,TMIN,111,,,W,11.1
2019-10-30,TMIN,144,,,W,14.4
2019-10-31,TMIN,161,,,W,16.1
2020-10-01,TMAX,239,,,W,23.9
2020-10-02,TMAX,200,,,W,20.0
2020-10-03,TMAX,200,,,W,20.0
2020-10-04,TMAX,206,,,W,20.6
2020-10-05,TMAX,211,,,W,21.1
2020-10-06,TMAX,211,,,W,21.1
2020-10-07,TMAX,256,,,W,25.6
2020-10-08,TMAX,194,,,W,19.4
2020-10-09,TMAX,200,,,W,20.0
2020-10-10,TMAX,217,,,W,21.7
2020-10-11,TMAX,206,,,W,20.6
2020-10-12,TMAX,139,,,W,13.9
2020-10-13,TMAX,161,,,W,16.1
2020-10-14,TMAX,206,,,W,20.6
2020-10-15,TMAX,211,,,W,21.1
2020-10-16,TMAX,183,,,W,18.3
2020-10-17,TMAX,167,,,W,16.7
2020-10-18,TMAX,172,,,W,17.2
2020-10-19,TMAX,194,,,W,19.4
2020-10-20,TMAX,211,,,W,21.1
2020-10-21,TMAX,200,,,W,20.0
2020-10-22,TMAX,194,,,W,19.4
2020-10-23,TMAX,200,,,W,20.0
2020-10-24,TMAX,211,,,W,21.1
2020-10-25,TMAX,122,,,W,12.2
2020-10-26,TMAX,150,,,W,15.0
2020-10-27,TMAX,156,,,W,15.6
2020-10-28,TMAX,144,,,W,14.4
2020-10-29,TMAX,139,,,W,13.9
2020-10-30,TMAX,78,,,W,7.8
2020-10-31,TMAX,83,,,W,8.3
2020-10-01,TMIN,156,,,W,15.6
2020-10-02,TMIN,128,,,W,12.8
2020-10-03,TMIN,106,,,W,10.6
2020-10-04,TMIN,83,,,W,8.3
2020-10-05,TMIN,117,,,W,11.7
2020-10-06,TMIN,133,,,W,13.3
2020-10-07,TMIN,150,,,W,15.0
2020-10-08,TMIN,111,,,W,11.1
2020-10-09,TMIN,89,,,W,8.9
2020-10-10,TMIN,150,,,W,15.0
2020-10-11,TMIN,139,,,W,13.9
2020-10-12,TMIN,100,,,W,10.0
2020-10-13,TMIN,133,,,W,13.3
2020-10-14,TMIN,106,,,W,10.6
2020-10-15,TMIN,128,,,W,12.8
2020-10-16,TMIN,89,,,W,8.9
2020-10-17,TMIN,72,,,W,7.2
2020-10-18,TMIN,56,,,W,5.6
2020-10-19,TMIN,94,,,W,9.4
2020-10-20,TMIN,139,,,W,13.9
2020-10-21,TMIN,156,,,W,15.6
2020-10-22,TMIN,156,,,W,15.6
2020-10-23,TMIN,161,,,W,16.1
2020-10-24,TMIN,100,,,W,10.0
2020-10-25,TMIN,67,,,W,6.7
2020-10-26,TMIN,106,,,W,10.6
2020-10-27,TMIN,122,,,W,12.2
2020-10-28,TMIN,111,,,W,11.1
2020-10-29,TMIN,78,,,W,7.8
2020-10-30,TMIN,22,,,W,2.2
2020-10-31,TMIN,0,,,W,0.0
2021-10-01,TMAX,211,,,W,21.1
2021-10-02,TMAX,239,,,W,23.9
2021-10-03,TMAX,250,,,W,25.0
2021-10-04,TMAX,228,,,W,22.8
2021-10-05,TMAX,189,,,W,18.9
2021-10-06,TMAX,222,,,W,22.2
2021-10-07,TMAX,239,,,W,23.9
2021-10-08,TMAX,250,,,W,25.0
2021-10-09,TMAX,222,,,W,22.2
2021-10-10,TMAX,206,,,W,20.6
2021-10-11,TMAX,239,,,W,23.9
2021-10-12,TMAX,222,,,W,22.2
2021-10-13,TMAX,206,,,W,20.6
2021-10-14,TMAX,267,,,W,26.7
2021-10-15,TMAX,250,,,W,25.0
2021-10-16,TMAX,239,,,W,23.9
2021-10-17,TMAX,183,,,W,18.3
2021-10-18,TMAX,178,,,W,17.8
2021-10-19,TMAX,200,,,W,20.0
2021-10-20,TMAX,261,,,W,26.1
2021-10-21,TMAX,228,,,W,22.8
2021-10-22,TMAX,217,,,W,21.7
2021-10-23,TMAX,167,,,W,16.7
2021-10-24,TMAX,167,,,W,16.7
2021-10-25,TMAX,228,,,W,22.8
2021-10-26,TMAX,189,,,W,18.9
2021-10-27,TMAX,161,,,W,16.1
2021-10-28,TMAX,144,,,W,14.4
2021-10-29,TMAX,150,,,W,15.0
2021-10-30,TMAX,189,,,W,18.9
2021-10-31,TMAX,189,,,W,18.9
2021-10-01,TMIN,100,,,W,10.0
2021-10-02,TMIN,122,,,W,12.2
2021-10-03,TMIN,150,,,W,15.0
2021-10-04,TMIN,167,,,W,16.7
2021-10-05,TMIN,156,,,W,15.6
2021-10-06,TMIN,156,,,W,15.6
2021-10-07,TMIN,150,,,W,15.0
2021-10-08,TMIN,156,,,W,15.6
2021-10-09,TMIN,144,,,W,14.4
2021-10-10,TMIN,167,,,W,16.7
2021-10-11,TMIN,156,,,W,15.6
2021-10-12,TMIN,150,,,W,15.0
2021-10-13,TMIN,144,,,W,14.4
2021-10-14,TMIN,167,,,W,16.7
2021-10-15,TMIN,161,,,W,16.1
2021-10-16,TMIN,150,,,W,15.0
2021-10-17,TMIN,117,,,W,11.7
2021-10-18,TMIN,100,,,W,10.0
2021-10-19,TMIN,89,,,W,8.9
2021-10-20,TMIN,144,,,W,14.4
2021-10-21,TMIN,139,,,W,13.9
2021-10-22,TMIN,144,,,W,14.4
2021-10-23,TMIN,100,,,W,10.0
2021-10-24,TMIN,83,,,W,8.3
2021-10-25,TMIN,161,,,W,16.1
2021-10-26,TMIN,133,,,W,13.3
2021-10-27,TMIN,117,,,W,11.7
2021-10-28,TMIN,89,,,W,8.9
2021-10-29,TMIN,83,,,W,8.3
2021-10-30,TMIN,133,,,W,13.3
2021-10-31,TMIN,133,,,W,13.3
2022-10-01,TMAX,156,,,W,15.6
2022-10-02,TMAX,156,,,W,15.6
2022-10-03,TMAX,111,,,W,11.1
2022-10-04,TMAX,133,,,W,13.3
2022-10-05,TMAX,156,,,W,15.6
2022-10-06,TMAX,244,,,W,24.4
2022-10-07,TMAX,244,,,W,24.4
2022-10-08,TMAX,161,,,W,16.1
2022-10-09,TMAX,178,,,W,17.8
2022-10-10,TMAX,200,,,W,20.0
2022-10-11,TMAX,228,,,W,22.8
2022-10-12,TMAX,200,,,W,20.0
2022-10-13,TMAX,200,,,W,20.0
2022-10-14,TMAX,206,,,W,20.6
2022-10-15,TMAX,200,,,W,20.0
2022-10-16,TMAX,189,,,W,18.9
2022-10-17,TMAX,194,,,W,19.4
2022-10-18,TMAX,144,,,W,14.4
2022-10-19,TMAX,133,,,W,13.3
2022-10-20,TMAX,161,,,W,16.1
2022-10-21,TMAX,178,,,W,17.8
2022-10-22,TMAX,183,,,W,18.3
2022-10-23,TMAX,161,,,W,16.1
2022-10-24,TMAX,178,,,W,17.8
2022-10-25,TMAX,228,,,W,22.8
2022-10-26,TMAX,217,,,W,21.7
2022-10-27,TMAX,194,,,W,19.4
2022-10-28,TMAX,150,,,W,15.0
2022-10-29,TMAX,161,,,W,16.1
2022-10-30,TMAX,167,,,W,16.7
2022-10-31,TMAX,178,,,W,17.8
2022-10-01,TMIN,117,,,W,11.7
2022-10-02,TMIN,100,,,W,10.0
2022-10-03,TMIN,94,,,W,9.4
2022-10-04,TMIN,83,,,W,8.3
2022-10-05,TMIN,128,,,W,12.8
2022-10-06,TMIN,111,,,W,11.1
2022-10-07,TMIN,133,,,W,13.3
2022-10-08,TMIN,78,,,W,7.8
2022-10-09,TMIN,72,,,W,7.2
2022-10-10,TMIN,89,,,W,8.9
2022-10-11,TMIN,106,,,W,10.6
2022-10-12,TMIN,111,,,W,11.1
2022-10-13,TMIN,128,,,W,12.8
2022-10-14,TMIN,106,,,W,10.6
2022-10-15,TMIN,83,,,W,8.3
2022-10-16,TMIN,111,,,W,11.1
2022-10-17,TMIN,122,,,W,12.2
2022-10-18,TMIN,89,,,W,8.9
2022-10-19,TMIN,61,,,W,6.1
2022-10-20,TMIN,67,,,W,6.7
2022-10-21,TMIN,61,,,W,6.1
2022-10-22,TMIN,61,,,W,6.1
2022-10-23,TMIN,128,,,W,12.8
2022-10-24,TMIN,128,,,W,12.8
2022-10-25,TMIN,167,,,W,16.7
2022-10-26,TMIN,156,,,W,15.6
2022-10-27,TMIN,106,,,W,10.6
2022-10-28,TMIN,78,,,W,7.8
2022-10-29,TMIN,56,,,W,5.6
2022-10-30,TMIN,33,,,W,3.3
2022-10-31,TMIN,94,,,W,9.4
2023-10-01,TMAX,250,,,W,25.0
2023-10-02,TMAX,256,,,W,25.6
2023-10-03,TMAX,239,,,W,23.9
2023-10-04,TMAX,256,,,W,25.6
2023-10-05,TMAX,233,,,W,23.3
2023-10-06,TMAX,222,,,W,22.2
2023-10-07,TMAX,194,,,W,19.4
2023-10-08,TMAX,161,,,W,16.1
2023-10-09,TMAX,167,,,W,16.7
2023-10-10,TMAX,178,,,W,17.8
2023-10-11,TMAX,206,,,W,20.6
2023-10-12,TMAX,200,,,W,20.0
2023-10-13,TMAX,183,,,W,18.3
2023-10-14,TMAX,128,,,W,12.8
2023-10-15,TMAX,167,,,W,16.7
2023-10-16,TMAX,189,,,W,18.9
2023-10-17,TMAX,183,,,W,18.3
2023-10-18,TMAX,183,,,W,18.3
2023-10-19,TMAX,178,,,W,17.8
2023-10-20,TMAX,178,,,W,17.8
2023-10-21,TMAX,189,,,W,18.9
2023-10-22,TMAX,161,,,W,16.1
2023-10-23,TMAX,167,,,W,16.7
2023-10-24,TMAX,172,,,W,17.2
2023-10-25,TMAX,211,,,W,21.1
2023-10-26,TMAX,233,,,W,23.3
2023-10-27,TMAX,217,,,W,21.7
2023-10-28,TMAX,272,,,W,27.2
2023-10-29,TMAX,178,,,W,17.8
2023-10-30,TMAX,167,,,W,16.7
2023-10-31,TMAX,117,,,W,11.7
2023-10-01,TMIN,150,,,W,15.0
2023-10-02,TMIN,161,,,W,16.1
2023-10-03,TMIN,133,,,W,13.3
2023-10-04,TMIN,161,,,W,16.1
2023-10-05,TMIN,139,,,W,13.9
2023-10-06,TMIN,178,,,W,17.8
2023-10-07,TMIN,122,,,W,12.2
2023-10-08,TMIN,100,,,W,10.0
2023-10-09,TMIN,94,,,W,9.4
2023-10-10,TMIN,106,,,W,10.6
2023-10-11,TMIN,106,,,W,10.6
2023-10-12,TMIN,106,,,W,10.6
2023-10-13,TMIN,100,,,W,10.0
2023-10-14,TMIN,100,,,W,10.0
2023-10-15,TMIN,100,,,W,10.0
2023-10-16,TMIN,83,,,W,8.3
2023-10-17,TMIN,94,,,W,9.4
2023-10-18,TMIN,100,,,W,10.0
2023-10-19,TMIN,100,,,W,10.0
2023-10-20,TMIN,156,,,W,15.6
2023-10-21,TMIN,139,,,W,13.9
2023-10-22,TMIN,83,,,W,8.3
2023-10-23,TMIN,67,,,W,6.7
2023-10-24,TMIN,61,,,W,6.1
2023-10-25,TMIN,94,,,W,9.4
2023-10-26,TMIN,111,,,W,11.1
2023-10-27,TMIN,128,,,W,12.8
2023-10-28,TMIN,144,,,W,14.4
2023-10-29,TMIN,111,,,W,11.1
2023-10-30,TMIN,100,,,W,10.0
2023-10-31,TMIN,72,,,W,7.2
2024-10-01,TMAX,222,,,W,22.2
2024-10-02,TMAX,206,,,W,20.6
2024-10-03,TMAX,228,,,W,22.8
2024-10-04,TMAX,233,,,W,23.3
2024-10-05,TMAX,256,,,W,25.6
2024-10-06,TMAX,211,,,W,21.1
2024-10-07,TMAX,267,,,W,26.7
2024-10-08,TMAX,206,,,W,20.6
2024-10-09,TMAX,217,,,W,21.7
2024-10-10,TMAX,183,,,W,18.3
2024-10-11,TMAX,222,,,W,22.2
2024-10-12,TMAX,256,,,W,25.6
2024-10-13,TMAX,228,,,W,22.8
2024-10-14,TMAX,217,,,W,21.7
2024-10-15,TMAX,156,,,W,15.6
2024-10-16,TMAX,167,,,W,16.7
2024-10-17,TMAX,172,,,W,17.2
2024-10-18,TMAX,206,,,W,20.6
2024-10-19,TMAX,194,,,W,19.4
2024-10-20,TMAX,228,,,W,22.8
2024-10-21,TMAX,256,,,W,25.6
2024-10-22,TMAX,267,,,W,26.7
2024-10-23,TMAX,222,,,W,22.2
2024-10-24,TMAX,222,,,W,22.2
2024-10-25,TMAX,172,,,W,17.2
2024-10-26,TMAX,206,,,W,20.6
2024-10-27,TMAX,156,,,W,15.6
2024-10-28,TMAX,167,,,W,16.7
2024-10-29,TMAX,194,,,W,19.4
2024-10-30,TMAX,228,,,W,22.8
2024-10-31,TMAX,256,,,W,25.6
2024-10-01,TMIN,150,,,W,15.0
2024-10-02,TMIN,133,,,W,13.3
2024-10-03,TMIN,161,,,W,16.1
2024-10-04,TMIN,139,,,W,13.9
2024-10-05,TMIN,156,,,W,15.6
2024-10-06,TMIN,128,,,W,12.8
2024-10-07,TMIN,150,,,W,15.0
2024-10-08,TMIN,128,,,W,12.8
2024-10-09,TMIN,122,,,W,12.2
2024-10-10,TMIN,72,,,W,7.2
2024-10-11,TMIN,56,,,W,5.6
2024-10-12,TMIN,111,,,W,11.1
2024-10-13,TMIN,117,,,W,11.7
2024-10-14,TMIN,94,,,W,9.4
2024-10-15,TMIN,78,,,W,7.8
2024-10-16,TMIN,72,,,W,7.2
2024-10-17,TMIN,61,,,W,6.1
2024-10-18,TMIN,89,,,W,8.9
2024-10-19,TMIN,83,,,W,8.3
2024-10-20,TMIN,100,,,W,10.0
2024-10-21,TMIN,106,,,W,10.6
2024-10-22,TMIN,139,,,W,13.9
2024-10-23,TMIN,133,,,W,13.3
2024-10-24,TMIN,122,,,W,12.2
2024-10-25,TMIN,83,,,W,8.3
2024-10-26,TMIN,111,,,W,11.1
2024-10-27,TMIN,72,,,W,7.2
2024-10-28,TMIN,61,,,W,6.1
2024-10-29,TMIN,106,,,W,10.6
2024-10-30,TMIN,133,,,W,13.3
2024-10-31,TMIN,139,,,W,13.9
2025-10-01,TMAX,211,,,1,21.1
2025-10-02,TMAX,189,,,1,18.9
2025-10-03,TMAX,206,,,1,20.6
2025-10-04,TMAX,256,,,1,25.6
2025-10-05,TMAX,261,,,1,26.1
2025-10-06,TMAX,239,,,1,23.9
2025-10-07,TMAX,250,,,1,25.0
2025-10-08,TMAX,222,,,1,22.2
2025-10-09,TMAX,156,,,1,15.6
2025-10-10,TMAX,172,,,1,17.2
2025-10-11,TMAX,194,,,1,19.4
2025-10-12,TMAX,178,,,1,17.8
2025-10-13,TMAX,156,,,1,15.6
2025-10-14,TMAX,167,,,1,16.7
2025-10-15,TMAX,211,,,1,21.1
2025-10-16,TMAX,167,,,1,16.7
2025-10-17,TMAX,178,,,1,17.8
2025-10-18,TMAX,183,,,1,18.3
2025-10-19,TMAX,211,,,1,21.1
2025-10-20,TMAX,200,,,1,20.0
2025-10-21,TMAX,189,,,1,18.9
2025-10-22,TMAX,183,,,1,18.3
2025-10-23,TMAX,172,,,1,17.2
2025-10-24,TMAX,161,,,1,16.1
2025-10-25,TMAX,156,,,1,15.6
2025-10-26,TMAX,156,,,1,15.6
2025-10-27,TMAX,139,,,1,13.9
2025-10-28,TMAX,117,,,1,11.7
2025-10-29,TMAX,133,,,1,13.3
2025-10-30,TMAX,172,,,1,17.2
2025-10-31,TMAX,150,,,1,15.0
2025-10-01,TMIN,128,,,1,12.8
2025-10-02,TMIN,111,,,1,11.1
2025-10-03,TMIN,106,,,1,10.6
2025-10-04,TMIN,139,,,1,13.9
2025-10-05,TMIN,156,,,1,15.6
2025-10-06,TMIN,161,,,1,16.1
2025-10-07,TMIN,178,,,1,17.8
2025-10-08,TMIN,139,,,1,13.9
2025-10-09,TMIN,78,,,1,7.8
2025-10-10,TMIN,61,,,1,6.1
2025-10-11,TMIN,144,,,1,14.4
2025-10-12,TMIN,133,,,1,13.3
2025-10-13,TMIN,128,,,1,12.8
2025-10-14,TMIN,122,,,1,12.2
2025-10-15,TMIN,117,,,1,11.7
2025-10-16,TMIN,78,,,1,7.8
2025-10-17,TMIN,83,,,1,8.3
2025-10-18,TMIN,83,,,1,8.3
2025-10-19,TMIN,100,,,1,10.0
2025-10-20,TMIN,128,,,1,12.8
2025-10-21,TMIN,106,,,1,10.6
2025-10-22,TMIN,128,,,1,12.8
2025-10-23,TMIN,106,,,1,10.6
2025-10-24,TMIN,83,,,1,8.3
2025-10-25,TMIN,72,,,1,7.2
2025-10-26,TMIN,72,,,1,7.2
2025-10-27,TMIN,56,,,1,5.6
2025-10-28,TMIN,61,,,1,6.1
2025-10-29,TMIN,94,,,1,9.4
2025-10-30,TMIN,106,,,1,10.6
2025-10-31,TMIN,111,,,1,11.1
