method,prediction_year,historical_year,weight,temperature_shift_c,monthly_hdd_f_days,payout_usd
expanding,2010,2000,0.1,0.0,276.99,0.0
expanding,2010,2001,0.1,0.0,257.09999999999997,0.0
expanding,2010,2002,0.1,0.0,324.51000000000005,4522.500000000008
expanding,2010,2003,0.1,0.0,303.57,2428.5000000000027
expanding,2010,2004,0.1,0.0,260.64,0.0
expanding,2010,2005,0.1,0.0,248.52000000000004,0.0
expanding,2010,2006,0.1,0.0,285.72,643.5000000000059
expanding,2010,2007,0.1,0.0,129.57,0.0
expanding,2010,2008,0.1,0.0,281.58,229.5000000000016
expanding,2010,2009,0.1,0.0,290.28000000000003,1099.5000000000061
recent_10,2010,2000,0.1,0.0,276.99,0.0
recent_10,2010,2001,0.1,0.0,257.09999999999997,0.0
recent_10,2010,2002,0.1,0.0,324.51000000000005,4522.500000000008
recent_10,2010,2003,0.1,0.0,303.57,2428.5000000000027
recent_10,2010,2004,0.1,0.0,260.64,0.0
recent_10,2010,2005,0.1,0.0,248.52000000000004,0.0
recent_10,2010,2006,0.1,0.0,285.72,643.5000000000059
recent_10,2010,2007,0.1,0.0,129.57,0.0
recent_10,2010,2008,0.1,0.0,281.58,229.5000000000016
recent_10,2010,2009,0.1,0.0,290.28000000000003,1099.5000000000061
temperature_trend,2010,2000,0.1,0.9821114369501407,228.20938416422314,0.0
temperature_trend,2010,2001,0.1,0.8839002932551266,217.41550733137848,0.0
temperature_trend,2010,2002,0.1,0.7856891495601126,289.1539882697949,986.8988269794954
temperature_trend,2010,2003,0.1,0.6874780058650986,267.17364809384185,0.0
temperature_trend,2010,2004,0.1,0.5892668621700845,229.37026979472154,0.0
temperature_trend,2010,2005,0.1,0.49105571847507035,226.73639296187696,0.0
temperature_trend,2010,2006,0.1,0.3928445747800563,265.9206334310851,0.0
temperature_trend,2010,2007,0.1,0.29463343108504225,119.49353665689155,0.0
temperature_trend,2010,2008,0.1,0.19642228739002815,272.74099706744875,0.0
temperature_trend,2010,2009,0.1,0.09821114369501407,285.3869384164223,610.1938416422342
trend_half_shift,2010,2000,0.1,0.49105571847507035,252.24079178885643,0.0
trend_half_shift,2010,2001,0.1,0.4419501466275633,237.21224340175968,0.0
trend_half_shift,2010,2002,0.1,0.3928445747800563,306.83199413489746,2754.6994134897486
trend_half_shift,2010,2003,0.1,0.3437390029325493,285.116824046921,583.1824046921042
trend_half_shift,2010,2004,0.1,0.29463343108504225,244.75013489736074,0.0
trend_half_shift,2010,2005,0.1,0.24552785923753517,237.41124633431087,0.0
trend_half_shift,2010,2006,0.1,0.19642228739002815,275.82031671554256,0.0
trend_half_shift,2010,2007,0.1,0.14731671554252113,124.53176832844582,0.0
trend_half_shift,2010,2008,0.1,0.09821114369501407,277.16049853372436,0.0
trend_half_shift,2010,2009,0.1,0.04910557184750704,287.7734692082112,848.8469208211257
expanding,2011,2000,0.09090909090909091,0.0,276.99,0.0
expanding,2011,2001,0.09090909090909091,0.0,257.09999999999997,0.0
expanding,2011,2002,0.09090909090909091,0.0,324.51000000000005,4752.000000000004
expanding,2011,2003,0.09090909090909091,0.0,303.57,2657.999999999998
expanding,2011,2004,0.09090909090909091,0.0,260.64,0.0
expanding,2011,2005,0.09090909090909091,0.0,248.52000000000004,0.0
expanding,2011,2006,0.09090909090909091,0.0,285.72,873.0000000000018
expanding,2011,2007,0.09090909090909091,0.0,129.57,0.0
expanding,2011,2008,0.09090909090909091,0.0,281.58,458.9999999999975
expanding,2011,2009,0.09090909090909091,0.0,290.28000000000003,1329.000000000002
expanding,2011,2010,0.09090909090909091,0.0,203.88,0.0
recent_10,2011,2001,0.1,0.0,257.09999999999997,0.0
recent_10,2011,2002,0.1,0.0,324.51000000000005,4752.000000000004
recent_10,2011,2003,0.1,0.0,303.57,2657.999999999998
recent_10,2011,2004,0.1,0.0,260.64,0.0
recent_10,2011,2005,0.1,0.0,248.52000000000004,0.0
recent_10,2011,2006,0.1,0.0,285.72,873.0000000000018
recent_10,2011,2007,0.1,0.0,129.57,0.0
recent_10,2011,2008,0.1,0.0,281.58,458.9999999999975
recent_10,2011,2009,0.1,0.0,290.28000000000003,1329.000000000002
recent_10,2011,2010,0.1,0.0,203.88,0.0
temperature_trend,2011,2000,0.09090909090909091,1.2387096774193551,215.73870967741937,0.0
temperature_trend,2011,2001,0.09090909090909091,1.1260997067448684,207.0294721407625,0.0
temperature_trend,2011,2002,0.09090909090909091,1.0134897360703814,278.9029618768328,191.296187683281
temperature_trend,2011,2003,0.09090909090909091,0.9008797653958946,256.2772434017595,0.0
temperature_trend,2011,2004,0.09090909090909091,0.7882697947214078,218.98231671554242,0.0
temperature_trend,2011,2005,0.09090909090909091,0.6756598240469209,219.0176832844574,0.0
temperature_trend,2011,2006,0.09090909090909091,0.5630498533724342,257.34228739002936,0.0
temperature_trend,2011,2007,0.09090909090909091,0.4504398826979473,114.16495601173021,0.0
temperature_trend,2011,2008,0.09090909090909091,0.33782991202346047,266.3776539589442,0.0
temperature_trend,2011,2009,0.09090909090909091,0.22521994134897366,279.21431085043986,222.43108504398492
temperature_trend,2011,2010,0.09090909090909091,0.11260997067448683,198.28715542521985,0.0
trend_half_shift,2011,2000,0.09090909090909091,0.6193548387096776,245.8393548387097,0.0
trend_half_shift,2011,2001,0.09090909090909091,0.5630498533724342,231.76275659824046,0.0
trend_half_shift,2011,2002,0.09090909090909091,0.5067448680351907,301.70648093841635,2471.648093841634
trend_half_shift,2011,2003,0.09090909090909091,0.4504398826979473,279.5470381231671,255.70381231671035
trend_half_shift,2011,2004,0.09090909090909091,0.3941348973607039,239.55615835777118,0.0
trend_half_shift,2011,2005,0.09090909090909091,0.33782991202346047,233.35574780058647,0.0
trend_half_shift,2011,2006,0.09090909090909091,0.2815249266862171,271.53114369501463,0.0
trend_half_shift,2011,2007,0.09090909090909091,0.22521994134897366,121.86747800586508,0.0
trend_half_shift,2011,2008,0.09090909090909091,0.16891495601173023,273.97882697947216,0.0
trend_half_shift,2011,2009,0.09090909090909091,0.11260997067448683,284.6871554252199,769.7155425219876
trend_half_shift,2011,2010,0.09090909090909091,0.056304985337243416,201.0235777126099,0.0
expanding,2012,2000,0.08333333333333333,0.0,276.99,817.5000000000011
expanding,2012,2001,0.08333333333333333,0.0,257.09999999999997,0.0
expanding,2012,2002,0.08333333333333333,0.0,324.51000000000005,5569.5000000000055
expanding,2012,2003,0.08333333333333333,0.0,303.57,3475.4999999999995
expanding,2012,2004,0.08333333333333333,0.0,260.64,0.0
expanding,2012,2005,0.08333333333333333,0.0,248.52000000000004,0.0
expanding,2012,2006,0.08333333333333333,0.0,285.72,1690.500000000003
expanding,2012,2007,0.08333333333333333,0.0,129.57,0.0
expanding,2012,2008,0.08333333333333333,0.0,281.58,1276.4999999999986
expanding,2012,2009,0.08333333333333333,0.0,290.28000000000003,2146.500000000003
expanding,2012,2010,0.08333333333333333,0.0,203.88,0.0
expanding,2012,2011,0.08333333333333333,0.0,234.80999999999995,0.0
recent_10,2012,2002,0.1,0.0,324.51000000000005,5569.5000000000055
recent_10,2012,2003,0.1,0.0,303.57,3475.4999999999995
recent_10,2012,2004,0.1,0.0,260.64,0.0
recent_10,2012,2005,0.1,0.0,248.52000000000004,0.0
recent_10,2012,2006,0.1,0.0,285.72,1690.500000000003
recent_10,2012,2007,0.1,0.0,129.57,0.0
recent_10,2012,2008,0.1,0.0,281.58,1276.4999999999986
recent_10,2012,2009,0.1,0.0,290.28000000000003,2146.500000000003
recent_10,2012,2010,0.1,0.0,203.88,0.0
recent_10,2012,2011,0.1,0.0,234.80999999999995,0.0
temperature_trend,2012,2000,0.08333333333333333,1.280667719377396,213.69954883825858,0.0
temperature_trend,2012,2001,0.08333333333333333,1.1739454094292798,205.0486600496278,0.0
temperature_trend,2012,2002,0.08333333333333333,1.0672230994811636,276.4849605233477,766.9960523347697
temperature_trend,2012,2003,0.08333333333333333,0.9605007895330472,253.3796616286939,0.0
temperature_trend,2012,2004,0.08333333333333333,0.8537784795849308,215.59956462891944,0.0
temperature_trend,2012,2005,0.08333333333333333,0.7470561696368144,216.06187457703587,0.0
temperature_trend,2012,2006,0.08333333333333333,0.640333859688698,253.44717347168958,0.0
temperature_trend,2012,2007,0.08333333333333333,0.5336115497405818,111.32048499887212,0.0
temperature_trend,2012,2008,0.08333333333333333,0.4268892397924654,262.369984209339,0.0
temperature_trend,2012,2009,0.08333333333333333,0.320166929844349,274.5998872095646,578.4887209564602
temperature_trend,2012,2010,0.08333333333333333,0.2134446198962327,193.386591473043,0.0
temperature_trend,2012,2011,0.08333333333333333,0.10672230994811635,229.75539589442812,0.0
trend_half_shift,2012,2000,0.08333333333333333,0.640333859688698,244.8197744191293,0.0
trend_half_shift,2012,2001,0.08333333333333333,0.5869727047146399,230.68622828784117,0.0
trend_half_shift,2012,2002,0.08333333333333333,0.5336115497405818,300.4974802616738,3168.248026167379
trend_half_shift,2012,2003,0.08333333333333333,0.4802503947665236,277.99092939318746,917.592939318746
trend_half_shift,2012,2004,0.08333333333333333,0.4268892397924654,237.84638168283323,0.0
trend_half_shift,2012,2005,0.08333333333333333,0.3735280848184072,231.8135867358448,0.0
trend_half_shift,2012,2006,0.08333333333333333,0.320166929844349,269.5835867358448,76.85867358447922
trend_half_shift,2012,2007,0.08333333333333333,0.2668057748702909,120.44524249943606,0.0
trend_half_shift,2012,2008,0.08333333333333333,0.2134446198962327,271.97499210466947,315.99921046694703
trend_half_shift,2012,2009,0.08333333333333333,0.1600834649221745,282.3799436047823,1356.4943604782286
trend_half_shift,2012,2010,0.08333333333333333,0.10672230994811635,198.57329573652152,0.0
trend_half_shift,2012,2011,0.08333333333333333,0.053361154974058175,232.2526979472141,0.0
expanding,2013,2000,0.07692307692307693,0.0,276.99,1635.0000000000023
expanding,2013,2001,0.07692307692307693,0.0,257.09999999999997,0.0
expanding,2013,2002,0.07692307692307693,0.0,324.51000000000005,6387.000000000006
expanding,2013,2003,0.07692307692307693,0.0,303.57,4293.000000000001
expanding,2013,2004,0.07692307692307693,0.0,260.64,0.0
expanding,2013,2005,0.07692307692307693,0.0,248.52000000000004,0.0
expanding,2013,2006,0.07692307692307693,0.0,285.72,2508.000000000004
expanding,2013,2007,0.07692307692307693,0.0,129.57,0.0
expanding,2013,2008,0.07692307692307693,0.0,281.58,2094.0
expanding,2013,2009,0.07692307692307693,0.0,290.28000000000003,2964.0000000000045
expanding,2013,2010,0.07692307692307693,0.0,203.88,0.0
expanding,2013,2011,0.07692307692307693,0.0,234.80999999999995,0.0
expanding,2013,2012,0.07692307692307693,0.0,199.29000000000002,0.0
recent_10,2013,2003,0.1,0.0,303.57,4293.000000000001
recent_10,2013,2004,0.1,0.0,260.64,0.0
recent_10,2013,2005,0.1,0.0,248.52000000000004,0.0
recent_10,2013,2006,0.1,0.0,285.72,2508.000000000004
recent_10,2013,2007,0.1,0.0,129.57,0.0
recent_10,2013,2008,0.1,0.0,281.58,2094.0
recent_10,2013,2009,0.1,0.0,290.28000000000003,2964.0000000000045
recent_10,2013,2010,0.1,0.0,203.88,0.0
recent_10,2013,2011,0.1,0.0,234.80999999999995,0.0
recent_10,2013,2012,0.1,0.0,199.29000000000002,0.0
temperature_trend,2013,2000,0.07692307692307693,1.5552995391705076,200.35244239631328,0.0
temperature_trend,2013,2001,0.07692307692307693,1.4356611130804686,194.30781992201346,0.0
temperature_trend,2013,2002,0.07692307692307693,1.3160226869904297,265.28897908543064,464.89790854306534
temperature_trend,2013,2003,0.07692307692307693,1.1963842609003905,241.91572492024102,0.0
temperature_trend,2013,2004,0.07692307692307693,1.0767458348103514,204.3620099255583,0.0
temperature_trend,2013,2005,0.07692307692307693,0.9571074087203124,207.36575327897913,0.0
temperature_trend,2013,2006,0.07692307692307693,0.8374689826302734,243.5264516129032,0.0
temperature_trend,2013,2007,0.07692307692307693,0.7178305565402343,105.50438496986882,0.0
temperature_trend,2013,2008,0.07692307692307693,0.5981921304501953,254.66135412974114,0.0
temperature_trend,2013,2009,0.07692307692307693,0.4785537043601562,266.9022899680964,626.2289968096411
temperature_trend,2013,2010,0.07692307692307693,0.35891527827011716,186.5427649769585,0.0
temperature_trend,2013,2011,0.07692307692307693,0.2392768521800781,223.5518433179723,0.0
temperature_trend,2013,2012,0.07692307692307693,0.11963842609003905,193.84627082594818,0.0
trend_half_shift,2013,2000,0.07692307692307693,0.7776497695852538,238.1462211981567,0.0
trend_half_shift,2013,2001,0.07692307692307693,0.7178305565402343,224.79762495568946,0.0
trend_half_shift,2013,2002,0.07692307692307693,0.6580113434952148,294.8994895427153,3425.94895427153
trend_half_shift,2013,2003,0.07692307692307693,0.5981921304501953,271.83437079049975,1119.437079049976
trend_half_shift,2013,2004,0.07692307692307693,0.5383729174051757,232.0269337114497,0.0
trend_half_shift,2013,2005,0.07692307692307693,0.4785537043601562,227.27647997164127,0.0
trend_half_shift,2013,2006,0.07692307692307693,0.4187344913151367,264.61578163771713,397.5781637717148
trend_half_shift,2013,2007,0.07692307692307693,0.35891527827011716,117.29509748316197,0.0
trend_half_shift,2013,2008,0.07692307692307693,0.29909606522509763,268.1206770648706,748.0677064870633
trend_half_shift,2013,2009,0.07692307692307693,0.2392768521800781,278.5311449840482,1789.1144984048196
trend_half_shift,2013,2010,0.07692307692307693,0.17945763913505858,195.0383587380361,0.0
trend_half_shift,2013,2011,0.07692307692307693,0.11963842609003905,229.1509216589861,0.0
trend_half_shift,2013,2012,0.07692307692307693,0.059819213045019526,196.5381354129741,0.0
expanding,2014,2000,0.07142857142857142,0.0,276.99,1812.0000000000005
expanding,2014,2001,0.07142857142857142,0.0,257.09999999999997,0.0
expanding,2014,2002,0.07142857142857142,0.0,324.51000000000005,6564.000000000005
expanding,2014,2003,0.07142857142857142,0.0,303.57,4469.999999999999
expanding,2014,2004,0.07142857142857142,0.0,260.64,176.99999999999818
expanding,2014,2005,0.07142857142857142,0.0,248.52000000000004,0.0
expanding,2014,2006,0.07142857142857142,0.0,285.72,2685.0000000000023
expanding,2014,2007,0.07142857142857142,0.0,129.57,0.0
expanding,2014,2008,0.07142857142857142,0.0,281.58,2270.999999999998
expanding,2014,2009,0.07142857142857142,0.0,290.28000000000003,3141.0000000000027
expanding,2014,2010,0.07142857142857142,0.0,203.88,0.0
expanding,2014,2011,0.07142857142857142,0.0,234.80999999999995,0.0
expanding,2014,2012,0.07142857142857142,0.0,199.29000000000002,0.0
expanding,2014,2013,0.07142857142857142,0.0,192.65999999999997,0.0
recent_10,2014,2004,0.1,0.0,260.64,176.99999999999818
recent_10,2014,2005,0.1,0.0,248.52000000000004,0.0
recent_10,2014,2006,0.1,0.0,285.72,2685.0000000000023
recent_10,2014,2007,0.1,0.0,129.57,0.0
recent_10,2014,2008,0.1,0.0,281.58,2270.999999999998
recent_10,2014,2009,0.1,0.0,290.28000000000003,3141.0000000000027
recent_10,2014,2010,0.1,0.0,203.88,0.0
recent_10,2014,2011,0.1,0.0,234.80999999999995,0.0
recent_10,2014,2012,0.1,0.0,199.29000000000002,0.0
recent_10,2014,2013,0.1,0.0,192.65999999999997,0.0
temperature_trend,2014,2000,0.07142857142857142,1.9323573200992579,183.1039205955334,0.0
temperature_trend,2014,2001,0.07142857142857142,1.794331797235025,180.70385253456217,0.0
temperature_trend,2014,2002,0.07142857142857142,1.6563062743707924,249.9762176533143,0.0
temperature_trend,2014,2003,0.07142857142857142,1.5182807515065597,226.2715554767812,0.0
temperature_trend,2014,2004,0.07142857142857142,1.3802552286423269,189.5995958879829,0.0
temperature_trend,2014,2005,0.07142857142857142,1.2422297057780942,195.5616901807869,0.0
temperature_trend,2014,2006,0.07142857142857142,1.1042041829138616,231.1183792981212,0.0
temperature_trend,2014,2007,0.07142857142857142,0.9661786600496289,98.14405459057068,0.0
temperature_trend,2014,2008,0.07142857142857142,0.8281531371853962,244.31310882665716,0.0
temperature_trend,2014,2009,0.07142857142857142,0.6901276143211634,256.8120276497695,0.0
temperature_trend,2014,2010,0.07142857142857142,0.5521020914569308,177.50162211981564,0.0
temperature_trend,2014,2011,0.07142857142857142,0.4140765685926981,215.60655441332858,0.0
temperature_trend,2014,2012,0.07142857142857142,0.2760510457284654,186.807702942219,0.0
temperature_trend,2014,2013,0.07142857142857142,0.1380255228642327,187.19418929457635,0.0
trend_half_shift,2014,2000,0.07142857142857142,0.9661786600496289,228.98371712158803,0.0
trend_half_shift,2014,2001,0.07142857142857142,0.8971658986175125,216.84243317972349,0.0
trend_half_shift,2014,2002,0.07142857142857142,0.8281531371853962,287.2431088266572,2837.310882665719
trend_half_shift,2014,2003,0.07142857142857142,0.7591403757532799,263.4328723856788,456.28723856788156
trend_half_shift,2014,2004,0.07142857142857142,0.6901276143211634,224.10533853243518,0.0
trend_half_shift,2014,2005,0.07142857142857142,0.6211148528890471,221.27584509039343,0.0
trend_half_shift,2014,2006,0.07142857142857142,0.5521020914569308,257.8940545905707,0.0
trend_half_shift,2014,2007,0.07142857142857142,0.48308933002481447,113.04834491315134,0.0
trend_half_shift,2014,2008,0.07142857142857142,0.4140765685926981,262.9465544133285,407.6554413328495
trend_half_shift,2014,2009,0.07142857142857142,0.3450638071605817,273.38989897199565,1451.9898971995644
trend_half_shift,2014,2010,0.07142857142857142,0.2760510457284654,190.42081105990778,0.0
trend_half_shift,2014,2011,0.07142857142857142,0.20703828429634905,225.06060829493083,0.0
trend_half_shift,2014,2012,0.07142857142857142,0.1380255228642327,193.01885147110949,0.0
trend_half_shift,2014,2013,0.07142857142857142,0.06901276143211635,189.92709464728816,0.0
expanding,2015,2000,0.06666666666666667,0.0,276.99,1989.0000000000043
expanding,2015,2001,0.06666666666666667,0.0,257.09999999999997,0.0
expanding,2015,2002,0.06666666666666667,0.0,324.51000000000005,6741.000000000008
expanding,2015,2003,0.06666666666666667,0.0,303.57,4647.000000000003
expanding,2015,2004,0.06666666666666667,0.0,260.64,354.00000000000205
expanding,2015,2005,0.06666666666666667,0.0,248.52000000000004,0.0
expanding,2015,2006,0.06666666666666667,0.0,285.72,2862.0000000000064
expanding,2015,2007,0.06666666666666667,0.0,129.57,0.0
expanding,2015,2008,0.06666666666666667,0.0,281.58,2448.000000000002
expanding,2015,2009,0.06666666666666667,0.0,290.28000000000003,3318.0000000000064
expanding,2015,2010,0.06666666666666667,0.0,203.88,0.0
expanding,2015,2011,0.06666666666666667,0.0,234.80999999999995,0.0
expanding,2015,2012,0.06666666666666667,0.0,199.29000000000002,0.0
expanding,2015,2013,0.06666666666666667,0.0,192.65999999999997,0.0
expanding,2015,2014,0.06666666666666667,0.0,181.58999999999997,0.0
recent_10,2015,2005,0.1,0.0,248.52000000000004,0.0
recent_10,2015,2006,0.1,0.0,285.72,2862.0000000000064
recent_10,2015,2007,0.1,0.0,129.57,0.0
recent_10,2015,2008,0.1,0.0,281.58,2448.000000000002
recent_10,2015,2009,0.1,0.0,290.28000000000003,3318.0000000000064
recent_10,2015,2010,0.1,0.0,203.88,0.0
recent_10,2015,2011,0.1,0.0,234.80999999999995,0.0
recent_10,2015,2012,0.1,0.0,199.29000000000002,0.0
recent_10,2015,2013,0.1,0.0,192.65999999999997,0.0
recent_10,2015,2014,0.1,0.0,181.58999999999997,0.0
temperature_trend,2015,2000,0.06666666666666667,2.1682603686635913,172.91115207373278,0.0
temperature_trend,2015,2001,0.06666666666666667,2.023709677419352,172.85912903225818,0.0
temperature_trend,2015,2002,0.06666666666666667,1.8791589861751123,239.94784562211998,0.0
temperature_trend,2015,2003,0.06666666666666667,1.734608294930873,216.12721658986186,0.0
temperature_trend,2015,2004,0.06666666666666667,1.5900576036866336,179.4032004608296,0.0
temperature_trend,2015,2005,0.06666666666666667,1.445506912442394,187.14601382488485,0.0
temperature_trend,2015,2006,0.06666666666666667,1.3009562211981547,222.61869124423967,0.0
temperature_trend,2015,2007,0.06666666666666667,1.1564055299539153,92.66552073732724,0.0
temperature_trend,2015,2008,0.06666666666666667,1.011854838709676,236.04653225806453,0.0
temperature_trend,2015,2009,0.06666666666666667,0.8673041474654365,248.52016589861756,0.0
temperature_trend,2015,2010,0.06666666666666667,0.722753456221197,169.51513824884793,0.0
temperature_trend,2015,2011,0.06666666666666667,0.5782027649769577,208.3016405529954,0.0
temperature_trend,2015,2012,0.06666666666666667,0.43365207373271825,179.9862304147466,0.0
temperature_trend,2015,2013,0.06666666666666667,0.28910138248847883,181.31196774193552,0.0
temperature_trend,2015,2014,0.06666666666666667,0.14455069124423942,175.0852188940092,0.0
trend_half_shift,2015,2000,0.06666666666666667,1.0841301843317956,223.2512730414747,0.0
trend_half_shift,2015,2001,0.06666666666666667,1.011854838709676,211.88787096774197,0.0
trend_half_shift,2015,2002,0.06666666666666667,0.9395794930875562,282.22892281105993,2512.8922811059965
trend_half_shift,2015,2003,0.06666666666666667,0.8673041474654365,257.9090184331798,80.90184331798582
trend_half_shift,2015,2004,0.06666666666666667,0.7950288018433168,218.62949654377886,0.0
trend_half_shift,2015,2005,0.06666666666666667,0.722753456221197,217.06800691244243,0.0
trend_half_shift,2015,2006,0.06666666666666667,0.6504781105990773,252.93590322580644,0.0
trend_half_shift,2015,2007,0.06666666666666667,0.5782027649769577,109.79546543778801,0.0
trend_half_shift,2015,2008,0.06666666666666667,0.505927419354838,258.8132661290323,171.326612903232
trend_half_shift,2015,2009,0.06666666666666667,0.43365207373271825,269.08450921658994,1198.450921658997
trend_half_shift,2015,2010,0.06666666666666667,0.3613767281105985,186.42756912442394,0.0
trend_half_shift,2015,2011,0.06666666666666667,0.28910138248847883,221.2304377880185,0.0
trend_half_shift,2015,2012,0.06666666666666667,0.21682603686635912,189.47282834101378,0.0
trend_half_shift,2015,2013,0.06666666666666667,0.14455069124423942,186.9357926267281,0.0
trend_half_shift,2015,2014,0.06666666666666667,0.07227534562211971,178.3376094470046,0.0
expanding,2016,2000,0.0625,0.0,276.99,2418.000000000001
expanding,2016,2001,0.0625,0.0,257.09999999999997,428.99999999999636
expanding,2016,2002,0.0625,0.0,324.51000000000005,7170.000000000005
expanding,2016,2003,0.0625,0.0,303.57,5075.999999999999
expanding,2016,2004,0.0625,0.0,260.64,782.9999999999984
expanding,2016,2005,0.0625,0.0,248.52000000000004,0.0
expanding,2016,2006,0.0625,0.0,285.72,3291.0000000000027
expanding,2016,2007,0.0625,0.0,129.57,0.0
expanding,2016,2008,0.0625,0.0,281.58,2876.999999999998
expanding,2016,2009,0.0625,0.0,290.28000000000003,3747.0000000000027
expanding,2016,2010,0.0625,0.0,203.88,0.0
expanding,2016,2011,0.0625,0.0,234.80999999999995,0.0
expanding,2016,2012,0.0625,0.0,199.29000000000002,0.0
expanding,2016,2013,0.0625,0.0,192.65999999999997,0.0
expanding,2016,2014,0.0625,0.0,181.58999999999997,0.0
expanding,2016,2015,0.0625,0.0,229.11,0.0
recent_10,2016,2006,0.1,0.0,285.72,3291.0000000000027
recent_10,2016,2007,0.1,0.0,129.57,0.0
recent_10,2016,2008,0.1,0.0,281.58,2876.999999999998
recent_10,2016,2009,0.1,0.0,290.28000000000003,3747.0000000000027
recent_10,2016,2010,0.1,0.0,203.88,0.0
recent_10,2016,2011,0.1,0.0,234.80999999999995,0.0
recent_10,2016,2012,0.1,0.0,199.29000000000002,0.0
recent_10,2016,2013,0.1,0.0,192.65999999999997,0.0
recent_10,2016,2014,0.1,0.0,181.58999999999997,0.0
recent_10,2016,2015,0.1,0.0,229.11,0.0
temperature_trend,2016,2000,0.0625,1.935445920303604,182.96873624288432,0.0
temperature_trend,2016,2001,0.0625,1.8144805502846288,180.0147651802657,0.0
temperature_trend,2016,2002,0.0625,1.6935151802656536,248.30181688804566,0.0
temperature_trend,2016,2003,0.0625,1.5725498102466784,223.6340792220114,0.0
temperature_trend,2016,2004,0.0625,1.4515844402277032,186.13299620493356,0.0
temperature_trend,2016,2005,0.0625,1.3306190702087277,191.90237049335866,0.0
temperature_trend,2016,2006,0.0625,1.2096537001897525,226.56296015180266,0.0
temperature_trend,2016,2007,0.0625,1.0886883301707773,94.6157760910816,0.0
temperature_trend,2016,2008,0.0625,0.967722960151802,238.0324667931689,0.0
temperature_trend,2016,2009,0.0625,0.8467575901328268,249.48174478178368,0.0
temperature_trend,2016,2010,0.0625,0.7257922201138516,169.37292409867172,0.0
temperature_trend,2016,2011,0.0625,0.6048268500948762,207.15148007590133,0.0
temperature_trend,2016,2012,0.0625,0.483861480075901,177.81718406072105,0.0
temperature_trend,2016,2013,0.0625,0.3628961100569258,178.52252703984817,0.0
temperature_trend,2016,2014,0.0625,0.2419307400379505,170.7031166982922,0.0
temperature_trend,2016,2015,0.0625,0.12096537001897525,223.01334535104363,0.0
trend_half_shift,2016,2000,0.0625,0.967722960151802,228.90866413662246,0.0
trend_half_shift,2016,2001,0.0625,0.9072402751423144,216.40722011385208,0.0
trend_half_shift,2016,2002,0.0625,0.8467575901328268,286.4059084440228,3359.5908444022825
trend_half_shift,2016,2003,0.0625,0.7862749051233392,262.01644995256174,920.6449952561741
trend_half_shift,2016,2004,0.0625,0.7257922201138516,222.243646110057,0.0
trend_half_shift,2016,2005,0.0625,0.6653095351043639,219.44618524667936,0.0
trend_half_shift,2016,2006,0.0625,0.6048268500948762,255.23672675521823,242.6726755218226
trend_half_shift,2016,2007,0.0625,0.5443441650853886,110.9534295540797,0.0
trend_half_shift,2016,2008,0.0625,0.483861480075901,259.8062333965844,699.6233396584387
trend_half_shift,2016,2009,0.0625,0.4233787950664134,269.5837905597723,1677.3790559772294
trend_half_shift,2016,2010,0.0625,0.3628961100569258,186.35646204933582,0.0
trend_half_shift,2016,2011,0.0625,0.3024134250474381,220.63139587286528,0.0
trend_half_shift,2016,2012,0.0625,0.2419307400379505,188.3431166982922,0.0
trend_half_shift,2016,2013,0.0625,0.1814480550284629,185.47465702087283,0.0
trend_half_shift,2016,2014,0.0625,0.12096537001897525,176.14655834914615,0.0
trend_half_shift,2016,2015,0.0625,0.06048268500948763,226.06167267552186,0.0
expanding,2017,2000,0.058823529411764705,0.0,276.99,2846.9999999999973
expanding,2017,2001,0.058823529411764705,0.0,257.09999999999997,857.9999999999927
expanding,2017,2002,0.058823529411764705,0.0,324.51000000000005,7599.000000000001
expanding,2017,2003,0.058823529411764705,0.0,303.57,5504.999999999995
expanding,2017,2004,0.058823529411764705,0.0,260.64,1211.9999999999948
expanding,2017,2005,0.058823529411764705,0.0,248.52000000000004,0.0
expanding,2017,2006,0.058823529411764705,0.0,285.72,3719.999999999999
expanding,2017,2007,0.058823529411764705,0.0,129.57,0.0
expanding,2017,2008,0.058823529411764705,0.0,281.58,3305.9999999999945
expanding,2017,2009,0.058823529411764705,0.0,290.28000000000003,4175.999999999999
expanding,2017,2010,0.058823529411764705,0.0,203.88,0.0
expanding,2017,2011,0.058823529411764705,0.0,234.80999999999995,0.0
expanding,2017,2012,0.058823529411764705,0.0,199.29000000000002,0.0
expanding,2017,2013,0.058823529411764705,0.0,192.65999999999997,0.0
expanding,2017,2014,0.058823529411764705,0.0,181.58999999999997,0.0
expanding,2017,2015,0.058823529411764705,0.0,229.11,0.0
expanding,2017,2016,0.058823529411764705,0.0,206.78999999999996,0.0
recent_10,2017,2007,0.1,0.0,129.57,0.0
recent_10,2017,2008,0.1,0.0,281.58,3305.9999999999945
recent_10,2017,2009,0.1,0.0,290.28000000000003,4175.999999999999
recent_10,2017,2010,0.1,0.0,203.88,0.0
recent_10,2017,2011,0.1,0.0,234.80999999999995,0.0
recent_10,2017,2012,0.1,0.0,199.29000000000002,0.0
recent_10,2017,2013,0.1,0.0,192.65999999999997,0.0
recent_10,2017,2014,0.1,0.0,181.58999999999997,0.0
recent_10,2017,2015,0.1,0.0,229.11,0.0
recent_10,2017,2016,0.1,0.0,206.78999999999996,0.0
temperature_trend,2017,2000,0.058823529411764705,1.9495295698924764,182.360322580645,0.0
temperature_trend,2017,2001,0.058823529411764705,1.8348513598988012,179.31808349146095,0.0
temperature_trend,2017,2002,0.058823529411764705,1.720173149905126,247.1022082542693,0.0
temperature_trend,2017,2003,0.058823529411764705,1.605494939911451,222.03294592030346,0.0
temperature_trend,2017,2004,0.058823529411764705,1.490816729917776,184.22630692599603,0.0
temperature_trend,2017,2005,0.058823529411764705,1.376138519924101,190.01786527514219,0.0
temperature_trend,2017,2006,0.058823529411764705,1.2614603099304258,224.32491461100562,0.0
temperature_trend,2017,2007,0.058823529411764705,1.1467820999367508,92.94267552182158,0.0
temperature_trend,2017,2008,0.058823529411764705,1.0321038899430757,235.13532495256163,0.0
temperature_trend,2017,2009,0.058823529411764705,0.9174256799494006,246.17447817836796,0.0
temperature_trend,2017,2010,0.058823529411764705,0.8027474699557255,165.77141840607197,0.0
temperature_trend,2017,2011,0.058823529411764705,0.6880692599620505,203.55540796963948,0.0
temperature_trend,2017,2012,0.058823529411764705,0.5733910499683754,174.02161053130925,0.0
temperature_trend,2017,2013,0.058823529411764705,0.4587128399747003,174.9006546489563,0.0
temperature_trend,2017,2014,0.058823529411764705,0.34403462998102524,166.4362286527514,0.0
temperature_trend,2017,2015,0.058823529411764705,0.22935641998735015,217.55043643263747,0.0
temperature_trend,2017,2016,0.058823529411764705,0.11467820999367508,201.62948055028463,0.0
trend_half_shift,2017,2000,0.058823529411764705,0.9747647849462382,228.56643145161283,0.0
trend_half_shift,2017,2001,0.058823529411764705,0.9174256799494006,215.96721062618587,0.0
trend_half_shift,2017,2002,0.058823529411764705,0.860086574952563,285.80610412713463,3728.6104127134595
trend_half_shift,2017,2003,0.058823529411764705,0.8027474699557255,261.1565820683111,1263.6582068311043
trend_half_shift,2017,2004,0.058823529411764705,0.745408364958888,221.2196833491461,0.0
trend_half_shift,2017,2005,0.058823529411764705,0.6880692599620505,218.50393263757115,0.0
trend_half_shift,2017,2006,0.058823529411764705,0.6307301549652129,253.93120018975324,541.1200189753202
trend_half_shift,2017,2007,0.058823529411764705,0.5733910499683754,109.96002609108156,0.0
trend_half_shift,2017,2008,0.058823529411764705,0.5160519449715378,258.35766247628084,983.7662476280798
trend_half_shift,2017,2009,0.058823529411764705,0.4587128399747003,267.8665559772295,1934.6555977229457
trend_half_shift,2017,2010,0.058823529411764705,0.4013737349778628,184.55570920303595,0.0
trend_half_shift,2017,2011,0.058823529411764705,0.34403462998102524,218.75844165085388,0.0
trend_half_shift,2017,2012,0.058823529411764705,0.2866955249841877,186.33475332068303,0.0
trend_half_shift,2017,2013,0.058823529411764705,0.22935641998735015,183.5774857685009,0.0
trend_half_shift,2017,2014,0.058823529411764705,0.17201731499051262,173.84922082542693,0.0
trend_half_shift,2017,2015,0.058823529411764705,0.11467820999367508,223.3302182163188,0.0
trend_half_shift,2017,2016,0.058823529411764705,0.05733910499683754,204.2097402751423,0.0
expanding,2018,2000,0.05555555555555555,0.0,276.99,3532.500000000002
expanding,2018,2001,0.05555555555555555,0.0,257.09999999999997,1543.4999999999973
expanding,2018,2002,0.05555555555555555,0.0,324.51000000000005,8284.500000000005
expanding,2018,2003,0.05555555555555555,0.0,303.57,6190.5
expanding,2018,2004,0.05555555555555555,0.0,260.64,1897.4999999999995
expanding,2018,2005,0.05555555555555555,0.0,248.52000000000004,685.5000000000047
expanding,2018,2006,0.05555555555555555,0.0,285.72,4405.500000000004
expanding,2018,2007,0.05555555555555555,0.0,129.57,0.0
expanding,2018,2008,0.05555555555555555,0.0,281.58,3991.499999999999
expanding,2018,2009,0.05555555555555555,0.0,290.28000000000003,4861.500000000004
expanding,2018,2010,0.05555555555555555,0.0,203.88,0.0
expanding,2018,2011,0.05555555555555555,0.0,234.80999999999995,0.0
expanding,2018,2012,0.05555555555555555,0.0,199.29000000000002,0.0
expanding,2018,2013,0.05555555555555555,0.0,192.65999999999997,0.0
expanding,2018,2014,0.05555555555555555,0.0,181.58999999999997,0.0
expanding,2018,2015,0.05555555555555555,0.0,229.11,0.0
expanding,2018,2016,0.05555555555555555,0.0,206.78999999999996,0.0
expanding,2018,2017,0.05555555555555555,0.0,119.28000000000002,0.0
recent_10,2018,2008,0.1,0.0,281.58,3991.499999999999
recent_10,2018,2009,0.1,0.0,290.28000000000003,4861.500000000004
recent_10,2018,2010,0.1,0.0,203.88,0.0
recent_10,2018,2011,0.1,0.0,234.80999999999995,0.0
recent_10,2018,2012,0.1,0.0,199.29000000000002,0.0
recent_10,2018,2013,0.1,0.0,192.65999999999997,0.0
recent_10,2018,2014,0.1,0.0,181.58999999999997,0.0
recent_10,2018,2015,0.1,0.0,229.11,0.0
recent_10,2018,2016,0.1,0.0,206.78999999999996,0.0
recent_10,2018,2017,0.1,0.0,119.28000000000002,0.0
temperature_trend,2018,2000,0.05555555555555555,2.6942474782782355,151.01815439928103,0.0
temperature_trend,2018,2001,0.05555555555555555,2.5445670628183334,155.69602716468597,0.0
temperature_trend,2018,2002,0.05555555555555555,2.3948866473584314,218.40169279936092,0.0
temperature_trend,2018,2003,0.05555555555555555,2.2452062318985293,194.9884619994009,0.0
temperature_trend,2018,2004,0.05555555555555555,2.0955258164386272,155.96133826026175,0.0
temperature_trend,2018,2005,0.05555555555555555,1.9458454009787256,167.55704384300412,0.0
temperature_trend,2018,2006,0.05555555555555555,1.7961649855188235,201.2256726255868,0.0
temperature_trend,2018,2007,0.05555555555555555,1.6464845700589215,79.49858883451517,0.0
temperature_trend,2018,2008,0.05555555555555555,1.4968041545990196,214.96806052132237,0.0
temperature_trend,2018,2009,0.05555555555555555,1.3471237391391178,226.06460900828927,0.0
temperature_trend,2018,2010,0.05555555555555555,1.1974433236792157,148.27584639968043,0.0
temperature_trend,2018,2011,0.05555555555555555,1.0477629082193136,188.01664236492564,0.0
temperature_trend,2018,2012,0.05555555555555555,0.8980824927594118,160.69593328672727,0.0
temperature_trend,2018,2013,0.05555555555555555,0.7484020772995098,163.9504014780785,0.0
temperature_trend,2018,2014,0.05555555555555555,0.5987216618396078,156.35062219115153,0.0
temperature_trend,2018,2015,0.05555555555555555,0.4490412463797059,206.47832118246285,0.0
temperature_trend,2018,2016,0.05555555555555555,0.2993608309198039,193.3476121042644,0.0
temperature_trend,2018,2017,0.05555555555555555,0.14968041545990196,113.89150504344352,0.0
trend_half_shift,2018,2000,0.05555555555555555,1.3471237391391178,210.4697862778389,0.0
trend_half_shift,2018,2001,0.05555555555555555,1.2722835314091667,200.9774617996605,0.0
trend_half_shift,2018,2002,0.05555555555555555,1.1974433236792157,270.62505043443525,2896.005043443526
trend_half_shift,2018,2003,0.05555555555555555,1.1226031159492647,245.50148856486578,383.6488564865789
trend_half_shift,2018,2004,0.05555555555555555,1.0477629082193136,205.82274942574657,0.0
trend_half_shift,2018,2005,0.05555555555555555,0.9729227004893628,206.71100019974034,0.0
trend_half_shift,2018,2006,0.05555555555555555,0.8980824927594118,240.68973933885954,0.0
trend_half_shift,2018,2007,0.05555555555555555,0.8232422850294607,102.27878607809849,0.0
trend_half_shift,2018,2008,0.05555555555555555,0.7484020772995098,247.901906521522,623.6906521522002
trend_half_shift,2018,2009,0.05555555555555555,0.6735618695695589,257.5873045041446,1592.230450414459
trend_half_shift,2018,2010,0.05555555555555555,0.5987216618396078,175.3198262259063,0.0
trend_half_shift,2018,2011,0.05555555555555555,0.5238814541096568,210.66533456506545,0.0
trend_half_shift,2018,2012,0.05555555555555555,0.4490412463797059,179.32141815639665,0.0
trend_half_shift,2018,2013,0.05555555555555555,0.3742010386497549,178.09520073903929,0.0
trend_half_shift,2018,2014,0.05555555555555555,0.2993608309198039,168.20531109557575,0.0
trend_half_shift,2018,2015,0.05555555555555555,0.22452062318985294,217.79416059123142,0.0
trend_half_shift,2018,2016,0.05555555555555555,0.14968041545990196,200.05438130430443,0.0
trend_half_shift,2018,2017,0.05555555555555555,0.07484020772995098,116.58575252172172,0.0
expanding,2019,2000,0.05263157894736842,0.0,276.99,2846.9999999999973
expanding,2019,2001,0.05263157894736842,0.0,257.09999999999997,857.9999999999927
expanding,2019,2002,0.05263157894736842,0.0,324.51000000000005,7599.000000000001
expanding,2019,2003,0.05263157894736842,0.0,303.57,5504.999999999995
expanding,2019,2004,0.05263157894736842,0.0,260.64,1211.9999999999948
expanding,2019,2005,0.05263157894736842,0.0,248.52000000000004,0.0
expanding,2019,2006,0.05263157894736842,0.0,285.72,3719.999999999999
expanding,2019,2007,0.05263157894736842,0.0,129.57,0.0
expanding,2019,2008,0.05263157894736842,0.0,281.58,3305.9999999999945
expanding,2019,2009,0.05263157894736842,0.0,290.28000000000003,4175.999999999999
expanding,2019,2010,0.05263157894736842,0.0,203.88,0.0
expanding,2019,2011,0.05263157894736842,0.0,234.80999999999995,0.0
expanding,2019,2012,0.05263157894736842,0.0,199.29000000000002,0.0
expanding,2019,2013,0.05263157894736842,0.0,192.65999999999997,0.0
expanding,2019,2014,0.05263157894736842,0.0,181.58999999999997,0.0
expanding,2019,2015,0.05263157894736842,0.0,229.11,0.0
expanding,2019,2016,0.05263157894736842,0.0,206.78999999999996,0.0
expanding,2019,2017,0.05263157894736842,0.0,119.28000000000002,0.0
expanding,2019,2018,0.05263157894736842,0.0,270.84,2231.9999999999936
recent_10,2019,2009,0.1,0.0,290.28000000000003,4175.999999999999
recent_10,2019,2010,0.1,0.0,203.88,0.0
recent_10,2019,2011,0.1,0.0,234.80999999999995,0.0
recent_10,2019,2012,0.1,0.0,199.29000000000002,0.0
recent_10,2019,2013,0.1,0.0,192.65999999999997,0.0
recent_10,2019,2014,0.1,0.0,181.58999999999997,0.0
recent_10,2019,2015,0.1,0.0,229.11,0.0
recent_10,2019,2016,0.1,0.0,206.78999999999996,0.0
recent_10,2019,2017,0.1,0.0,119.28000000000002,0.0
recent_10,2019,2018,0.1,0.0,270.84,2231.9999999999936
temperature_trend,2019,2000,0.05263157894736842,2.3915053763440857,163.55167741935492,0.0
temperature_trend,2019,2001,0.05263157894736842,2.2656366723259755,164.73337181663834,0.0
temperature_trend,2019,2002,0.05263157894736842,2.139767968307866,228.96360611205438,0.0
temperature_trend,2019,2003,0.05263157894736842,2.013899264289756,204.5645704584041,0.0
temperature_trend,2019,2004,0.05263157894736842,1.8880305602716465,165.38016977928694,0.0
temperature_trend,2019,2005,0.05263157894736842,1.7621618562535366,174.5002818336163,0.0
temperature_trend,2019,2006,0.05263157894736842,1.636293152235427,208.13213582342956,0.0
temperature_trend,2019,2007,0.05263157894736842,1.510424448217317,82.9273039049236,0.0
temperature_trend,2019,2008,0.05263157894736842,1.3845557441992073,219.8171918505942,0.0
temperature_trend,2019,2009,0.05263157894736842,1.2586870401810977,230.20344651952462,0.0
temperature_trend,2019,2010,0.05263157894736842,1.1328183361629878,150.9522478777589,0.0
temperature_trend,2019,2011,0.05263157894736842,1.006949632144878,189.77977589134127,0.0
temperature_trend,2019,2012,0.05263157894736842,0.8810809281267683,161.36919524617997,0.0
temperature_trend,2019,2013,0.05263157894736842,0.7552122241086585,163.69297792869267,0.0
temperature_trend,2019,2014,0.05263157894736842,0.6293435200905488,155.13799660441418,0.0
temperature_trend,2019,2015,0.05263157894736842,0.503474816072439,203.73486926994906,0.0
temperature_trend,2019,2016,0.05263157894736842,0.37760611205432926,189.967415959253,0.0
temperature_trend,2019,2017,0.05263157894736842,0.2517374080362195,110.21745331069609,0.0
temperature_trend,2019,2018,0.05263157894736842,0.12586870401810976,266.30872665534804,1778.8726655348
trend_half_shift,2019,2000,0.05263157894736842,1.1957526881720428,217.82641935483875,0.0
trend_half_shift,2019,2001,0.05263157894736842,1.1328183361629878,206.75132088285233,0.0
trend_half_shift,2019,2002,0.05263157894736842,1.069883984153933,276.36522071307303,2784.522071307299
trend_half_shift,2019,2003,0.05263157894736842,1.006949632144878,251.12224787775895,260.2247877758913
trend_half_shift,2019,2004,0.05263157894736842,0.9440152801358233,211.0516298811545,0.0
trend_half_shift,2019,2005,0.05263157894736842,0.8810809281267683,210.51324957555175,0.0
trend_half_shift,2019,2006,0.05263157894736842,0.8181465761177135,244.4854125636672,0.0
trend_half_shift,2019,2007,0.05263157894736842,0.7552122241086585,104.36050594227505,0.0
trend_half_shift,2019,2008,0.05263157894736842,0.6922778720996037,250.42749575551787,190.74957555178287
trend_half_shift,2019,2009,0.05263157894736842,0.6293435200905488,259.6567232597623,1113.6723259762277
trend_half_shift,2019,2010,0.05263157894736842,0.5664091680814939,176.832050933786,0.0
trend_half_shift,2019,2011,0.05263157894736842,0.503474816072439,211.58363327674022,0.0
trend_half_shift,2019,2012,0.05263157894736842,0.44054046406338415,179.68865195246178,0.0
trend_half_shift,2019,2013,0.05263157894736842,0.37760611205432926,177.96648896434635,0.0
trend_half_shift,2019,2014,0.05263157894736842,0.3146717600452744,167.59899830220712,0.0
trend_half_shift,2019,2015,0.05263157894736842,0.2517374080362195,216.42243463497448,0.0
trend_half_shift,2019,2016,0.05263157894736842,0.18880305602716463,198.29386247877756,0.0
trend_half_shift,2019,2017,0.05263157894736842,0.12586870401810976,114.74872665534805,0.0
trend_half_shift,2019,2018,0.05263157894736842,0.06293435200905488,268.574363327674,2005.4363327673968
expanding,2020,2000,0.05,0.0,276.99,3532.500000000002
expanding,2020,2001,0.05,0.0,257.09999999999997,1543.4999999999973
expanding,2020,2002,0.05,0.0,324.51000000000005,8284.500000000005
expanding,2020,2003,0.05,0.0,303.57,6190.5
expanding,2020,2004,0.05,0.0,260.64,1897.4999999999995
expanding,2020,2005,0.05,0.0,248.52000000000004,685.5000000000047
expanding,2020,2006,0.05,0.0,285.72,4405.500000000004
expanding,2020,2007,0.05,0.0,129.57,0.0
expanding,2020,2008,0.05,0.0,281.58,3991.499999999999
expanding,2020,2009,0.05,0.0,290.28000000000003,4861.500000000004
expanding,2020,2010,0.05,0.0,203.88,0.0
expanding,2020,2011,0.05,0.0,234.80999999999995,0.0
expanding,2020,2012,0.05,0.0,199.29000000000002,0.0
expanding,2020,2013,0.05,0.0,192.65999999999997,0.0
expanding,2020,2014,0.05,0.0,181.58999999999997,0.0
expanding,2020,2015,0.05,0.0,229.11,0.0
expanding,2020,2016,0.05,0.0,206.78999999999996,0.0
expanding,2020,2017,0.05,0.0,119.28000000000002,0.0
expanding,2020,2018,0.05,0.0,270.84,2917.499999999998
expanding,2020,2019,0.05,0.0,193.38,0.0
recent_10,2020,2010,0.1,0.0,203.88,0.0
recent_10,2020,2011,0.1,0.0,234.80999999999995,0.0
recent_10,2020,2012,0.1,0.0,199.29000000000002,0.0
recent_10,2020,2013,0.1,0.0,192.65999999999997,0.0
recent_10,2020,2014,0.1,0.0,181.58999999999997,0.0
recent_10,2020,2015,0.1,0.0,229.11,0.0
recent_10,2020,2016,0.1,0.0,206.78999999999996,0.0
recent_10,2020,2017,0.1,0.0,119.28000000000002,0.0
recent_10,2020,2018,0.1,0.0,270.84,2917.499999999998
recent_10,2020,2019,0.1,0.0,193.38,0.0
recent_20,2020,2000,0.05,0.0,276.99,3532.500000000002
recent_20,2020,2001,0.05,0.0,257.09999999999997,1543.4999999999973
recent_20,2020,2002,0.05,0.0,324.51000000000005,8284.500000000005
recent_20,2020,2003,0.05,0.0,303.57,6190.5
recent_20,2020,2004,0.05,0.0,260.64,1897.4999999999995
recent_20,2020,2005,0.05,0.0,248.52000000000004,685.5000000000047
recent_20,2020,2006,0.05,0.0,285.72,4405.500000000004
recent_20,2020,2007,0.05,0.0,129.57,0.0
recent_20,2020,2008,0.05,0.0,281.58,3991.499999999999
recent_20,2020,2009,0.05,0.0,290.28000000000003,4861.500000000004
recent_20,2020,2010,0.05,0.0,203.88,0.0
recent_20,2020,2011,0.05,0.0,234.80999999999995,0.0
recent_20,2020,2012,0.05,0.0,199.29000000000002,0.0
recent_20,2020,2013,0.05,0.0,192.65999999999997,0.0
recent_20,2020,2014,0.05,0.0,181.58999999999997,0.0
recent_20,2020,2015,0.05,0.0,229.11,0.0
recent_20,2020,2016,0.05,0.0,206.78999999999996,0.0
recent_20,2020,2017,0.05,0.0,119.28000000000002,0.0
recent_20,2020,2018,0.05,0.0,270.84,2917.499999999998
recent_20,2020,2019,0.05,0.0,193.38,0.0
temperature_trend,2020,2000,0.05,2.3906621392190086,163.5865874363331,0.0
temperature_trend,2020,2001,0.05,2.271129032258058,164.5554193548389,0.0
temperature_trend,2020,2002,0.05,2.1515959252971077,228.4739286926997,0.0
temperature_trend,2020,2003,0.05,2.0320628183361573,203.81259932088307,0.0
temperature_trend,2020,2004,0.05,1.9125297113752069,164.23360950764027,0.0
temperature_trend,2020,2005,0.05,1.7929966044142565,173.33472835314106,0.0
temperature_trend,2020,2006,0.05,1.673463497453306,206.52637691001718,0.0
temperature_trend,2020,2007,0.05,1.5539303904923556,81.83095415959265,0.0
temperature_trend,2020,2008,0.05,1.4343972835314052,217.6640373514433,0.0
temperature_trend,2020,2009,0.05,1.3148641765704547,227.5743565365027,0.0
temperature_trend,2020,2010,0.05,1.1953310696095043,148.36329371816646,0.0
temperature_trend,2020,2011,0.05,1.0757979626485539,186.8055280135824,0.0
temperature_trend,2020,2012,0.05,0.9562648556876034,158.3919117147709,0.0
temperature_trend,2020,2013,0.05,0.836731748726653,160.6115398981325,0.0
temperature_trend,2020,2014,0.05,0.7171986417657026,151.6589337860782,0.0
temperature_trend,2020,2015,0.05,0.5976655348047522,199.1292529711376,0.0
temperature_trend,2020,2016,0.05,0.4781324278438017,185.62467911714776,0.0
temperature_trend,2020,2017,0.05,0.3585993208828513,106.37042444821732,0.0
temperature_trend,2020,2018,0.05,0.23906621392190086,262.2336162988115,2056.861629881152
temperature_trend,2020,2019,0.05,0.11953310696095043,187.355531409168,0.0
trend_half_shift,2020,2000,0.05,1.1953310696095043,217.8469100169781,0.0
trend_half_shift,2020,2001,0.05,1.135564516129029,206.63762903225813,0.0
trend_half_shift,2020,2002,0.05,1.0757979626485539,276.09909168081504,3443.4091680815045
trend_half_shift,2020,2003,0.05,1.0160314091680787,250.68087351443137,901.5873514431377
trend_half_shift,2020,2004,0.05,0.9562648556876034,210.4342512733447,0.0
trend_half_shift,2020,2005,0.05,0.8964983022071282,209.87497028862487,0.0
trend_half_shift,2020,2006,0.05,0.836731748726653,243.56095415959265,189.59541595926623
trend_half_shift,2020,2007,0.05,0.7769651952461778,103.69486502546697,0.0
trend_half_shift,2020,2008,0.05,0.7171986417657026,249.30606112054338,764.1061120543384
trend_half_shift,2020,2009,0.05,0.6574320882852274,258.34217826825136,1667.7178268251369
trend_half_shift,2020,2010,0.05,0.5976655348047522,175.3692529711376,0.0
trend_half_shift,2020,2011,0.05,0.5378989813242769,210.04276400679126,0.0
trend_half_shift,2020,2012,0.05,0.4781324278438017,178.06467911714776,0.0
trend_half_shift,2020,2013,0.05,0.4183658743633265,176.4257699490662,0.0
trend_half_shift,2020,2014,0.05,0.3585993208828513,165.8594668930391,0.0
trend_half_shift,2020,2015,0.05,0.2988327674023761,214.04882852292025,0.0
trend_half_shift,2020,2016,0.05,0.23906621392190086,196.03202037351437,0.0
trend_half_shift,2020,2017,0.05,0.17929966044142565,112.82521222410864,0.0
trend_half_shift,2020,2018,0.05,0.11953310696095043,266.5368081494057,2487.1808149405724
trend_half_shift,2020,2019,0.05,0.059766553480475215,190.367765704584,0.0
trend_recent_20,2020,2000,0.05,2.3906621392190086,163.5865874363331,0.0
trend_recent_20,2020,2001,0.05,2.271129032258058,164.5554193548389,0.0
trend_recent_20,2020,2002,0.05,2.1515959252971077,228.4739286926997,0.0
trend_recent_20,2020,2003,0.05,2.0320628183361573,203.81259932088307,0.0
trend_recent_20,2020,2004,0.05,1.9125297113752069,164.23360950764027,0.0
trend_recent_20,2020,2005,0.05,1.7929966044142565,173.33472835314106,0.0
trend_recent_20,2020,2006,0.05,1.673463497453306,206.52637691001718,0.0
trend_recent_20,2020,2007,0.05,1.5539303904923556,81.83095415959265,0.0
trend_recent_20,2020,2008,0.05,1.4343972835314052,217.6640373514433,0.0
trend_recent_20,2020,2009,0.05,1.3148641765704547,227.5743565365027,0.0
trend_recent_20,2020,2010,0.05,1.1953310696095043,148.36329371816646,0.0
trend_recent_20,2020,2011,0.05,1.0757979626485539,186.8055280135824,0.0
trend_recent_20,2020,2012,0.05,0.9562648556876034,158.3919117147709,0.0
trend_recent_20,2020,2013,0.05,0.836731748726653,160.6115398981325,0.0
trend_recent_20,2020,2014,0.05,0.7171986417657026,151.6589337860782,0.0
trend_recent_20,2020,2015,0.05,0.5976655348047522,199.1292529711376,0.0
trend_recent_20,2020,2016,0.05,0.4781324278438017,185.62467911714776,0.0
trend_recent_20,2020,2017,0.05,0.3585993208828513,106.37042444821732,0.0
trend_recent_20,2020,2018,0.05,0.23906621392190086,262.2336162988115,2056.861629881152
trend_recent_20,2020,2019,0.05,0.11953310696095043,187.355531409168,0.0
expanding,2021,2000,0.047619047619047616,0.0,276.99,4218.000000000006
expanding,2021,2001,0.047619047619047616,0.0,257.09999999999997,2229.000000000002
expanding,2021,2002,0.047619047619047616,0.0,324.51000000000005,8970.000000000011
expanding,2021,2003,0.047619047619047616,0.0,303.57,6876.000000000005
expanding,2021,2004,0.047619047619047616,0.0,260.64,2583.000000000004
expanding,2021,2005,0.047619047619047616,0.0,248.52000000000004,1371.0000000000093
expanding,2021,2006,0.047619047619047616,0.0,285.72,5091.000000000008
expanding,2021,2007,0.047619047619047616,0.0,129.57,0.0
expanding,2021,2008,0.047619047619047616,0.0,281.58,4677.000000000004
expanding,2021,2009,0.047619047619047616,0.0,290.28000000000003,5547.000000000008
expanding,2021,2010,0.047619047619047616,0.0,203.88,0.0
expanding,2021,2011,0.047619047619047616,0.0,234.80999999999995,0.0
expanding,2021,2012,0.047619047619047616,0.0,199.29000000000002,0.0
expanding,2021,2013,0.047619047619047616,0.0,192.65999999999997,0.0
expanding,2021,2014,0.047619047619047616,0.0,181.58999999999997,0.0
expanding,2021,2015,0.047619047619047616,0.0,229.11,0.0
expanding,2021,2016,0.047619047619047616,0.0,206.78999999999996,0.0
expanding,2021,2017,0.047619047619047616,0.0,119.28000000000002,0.0
expanding,2021,2018,0.047619047619047616,0.0,270.84,3603.0000000000027
expanding,2021,2019,0.047619047619047616,0.0,193.38,0.0
expanding,2021,2020,0.047619047619047616,0.0,217.41000000000003,0.0
recent_10,2021,2011,0.1,0.0,234.80999999999995,0.0
recent_10,2021,2012,0.1,0.0,199.29000000000002,0.0
recent_10,2021,2013,0.1,0.0,192.65999999999997,0.0
recent_10,2021,2014,0.1,0.0,181.58999999999997,0.0
recent_10,2021,2015,0.1,0.0,229.11,0.0
recent_10,2021,2016,0.1,0.0,206.78999999999996,0.0
recent_10,2021,2017,0.1,0.0,119.28000000000002,0.0
recent_10,2021,2018,0.1,0.0,270.84,3603.0000000000027
recent_10,2021,2019,0.1,0.0,193.38,0.0
recent_10,2021,2020,0.1,0.0,217.41000000000003,0.0
recent_20,2021,2001,0.05,0.0,257.09999999999997,2229.000000000002
recent_20,2021,2002,0.05,0.0,324.51000000000005,8970.000000000011
recent_20,2021,2003,0.05,0.0,303.57,6876.000000000005
recent_20,2021,2004,0.05,0.0,260.64,2583.000000000004
recent_20,2021,2005,0.05,0.0,248.52000000000004,1371.0000000000093
recent_20,2021,2006,0.05,0.0,285.72,5091.000000000008
recent_20,2021,2007,0.05,0.0,129.57,0.0
recent_20,2021,2008,0.05,0.0,281.58,4677.000000000004
recent_20,2021,2009,0.05,0.0,290.28000000000003,5547.000000000008
recent_20,2021,2010,0.05,0.0,203.88,0.0
recent_20,2021,2011,0.05,0.0,234.80999999999995,0.0
recent_20,2021,2012,0.05,0.0,199.29000000000002,0.0
recent_20,2021,2013,0.05,0.0,192.65999999999997,0.0
recent_20,2021,2014,0.05,0.0,181.58999999999997,0.0
recent_20,2021,2015,0.05,0.0,229.11,0.0
recent_20,2021,2016,0.05,0.0,206.78999999999996,0.0
recent_20,2021,2017,0.05,0.0,119.28000000000002,0.0
recent_20,2021,2018,0.05,0.0,270.84,3603.0000000000027
recent_20,2021,2019,0.05,0.0,193.38,0.0
recent_20,2021,2020,0.05,0.0,217.41000000000003,0.0
temperature_trend,2021,2000,0.047619047619047616,2.1811583577712583,172.3539589442816,0.0
temperature_trend,2021,2001,0.047619047619047616,2.077293674067865,171.02655634687898,0.0
temperature_trend,2021,2002,0.047619047619047616,1.973428990364472,235.85003979891087,104.00397989109251
temperature_trend,2021,2003,0.047619047619047616,1.8695643066610788,210.54003770423134,0.0
temperature_trend,2021,2004,0.047619047619047616,1.7656996229576853,171.10525764558034,0.0
temperature_trend,2021,2005,0.047619047619047616,1.6618349392542922,178.29263929618776,0.0
temperature_trend,2021,2006,0.047619047619047616,1.557970255550899,211.5156849602012,0.0
temperature_trend,2021,2007,0.047619047619047616,1.4541055718475056,84.34653958944284,0.0
temperature_trend,2021,2008,0.047619047619047616,1.3502408881441124,221.29959363217432,0.0
temperature_trend,2021,2009,0.047619047619047616,1.2463762044407192,230.77959363217434,0.0
temperature_trend,2021,2010,0.047619047619047616,1.1425115207373258,150.55002304147473,0.0
temperature_trend,2021,2011,0.047619047619047616,1.0386468370339326,188.4104566401341,0.0
temperature_trend,2021,2012,0.047619047619047616,0.9347821533305394,159.24262672811068,0.0
temperature_trend,2021,2013,0.047619047619047616,0.8309174696271461,160.83131964809385,0.0
temperature_trend,2021,2014,0.047619047619047616,0.7270527859237528,151.26870967741937,0.0
temperature_trend,2021,2015,0.047619047619047616,0.6231881022203596,197.93479681608719,0.0
temperature_trend,2021,2016,0.047619047619047616,0.5193234185169663,183.845228320067,0.0
temperature_trend,2021,2017,0.047619047619047616,0.41545873481357304,104.32348554671138,0.0
temperature_trend,2021,2018,0.047619047619047616,0.3115940511101798,259.6226141600335,2481.2614160033545
temperature_trend,2021,2019,0.047619047619047616,0.20772936740678652,182.91043988269791,0.0
temperature_trend,2021,2020,0.047619047619047616,0.10386468370339326,212.17521994134898,0.0
trend_half_shift,2021,2000,0.047619047619047616,1.0905791788856292,222.9378519061584,0.0
trend_half_shift,2021,2001,0.047619047619047616,1.0386468370339326,210.73045664013415,0.0
trend_half_shift,2021,2002,0.047619047619047616,0.986714495182236,280.10784771679937,4529.784771679942
trend_half_shift,2021,2003,0.047619047619047616,0.9347821533305394,254.62958734813577,1981.9587348135826
trend_half_shift,2021,2004,0.047619047619047616,0.8828498114788427,214.13436950146627,0.0
trend_half_shift,2021,2005,0.047619047619047616,0.8309174696271461,212.59001675743616,0.0
trend_half_shift,2021,2006,0.047619047619047616,0.7789851277754495,246.45914956011734,1164.9149560117394
trend_half_shift,2021,2007,0.047619047619047616,0.7270527859237528,105.22218475073313,0.0
trend_half_shift,2021,2008,0.047619047619047616,0.6751204440720562,251.1995800167574,1638.9580016757463
trend_half_shift,2021,2009,0.047619047619047616,0.6231881022203596,259.9447968160872,2513.479681608726
trend_half_shift,2021,2010,0.047619047619047616,0.5712557603686629,176.6052304147466,0.0
trend_half_shift,2021,2011,0.047619047619047616,0.5193234185169663,210.87044616673649,0.0
trend_half_shift,2021,2012,0.047619047619047616,0.4673910766652697,178.52870548806038,0.0
trend_half_shift,2021,2013,0.047619047619047616,0.41545873481357304,176.53565982404695,0.0
trend_half_shift,2021,2014,0.047619047619047616,0.3635263929618764,165.66435483870964,0.0
trend_half_shift,2021,2015,0.047619047619047616,0.3115940511101798,213.40565982404698,0.0
trend_half_shift,2021,2016,0.047619047619047616,0.25966170925848314,195.10522308336823,0.0
trend_half_shift,2021,2017,0.047619047619047616,0.20772936740678652,111.80174277335567,0.0
trend_half_shift,2021,2018,0.047619047619047616,0.1557970255550899,265.2313070800167,3042.130708001673
trend_half_shift,2021,2019,0.047619047619047616,0.10386468370339326,188.14521994134896,0.0
trend_half_shift,2021,2020,0.047619047619047616,0.05193234185169663,214.7926099706745,0.0
trend_recent_20,2021,2001,0.05,2.087824399708949,170.66640552995395,0.0
trend_recent_20,2021,2002,0.05,1.9834331797235014,235.43586635944706,62.58663594471159
trend_recent_20,2021,2003,0.05,1.8790419597380539,210.14766286684457,0.0
trend_recent_20,2021,2004,0.05,1.7746507397526066,170.686345379578,0.0
trend_recent_20,2021,2005,0.05,1.670259519767159,177.97419015280136,0.0
trend_recent_20,2021,2006,0.05,1.5658682997817115,211.17448944942998,0.0
trend_recent_20,2021,2007,0.05,1.4614770797962642,84.16077758913414,0.0
trend_recent_20,2021,2008,0.05,1.3570858598108166,221.0038908561728,0.0
trend_recent_20,2021,2009,0.05,1.2526946398253693,230.4838908561727,0.0
trend_recent_20,2021,2010,0.05,1.1483034198399218,150.31023841862722,0.0
trend_recent_20,2021,2011,0.05,1.0439121998544745,188.18299296628666,0.0
trend_recent_20,2021,2012,0.05,0.9395209798690269,159.05496919718655,0.0
trend_recent_20,2021,2013,0.05,0.8351297598835795,160.67209507640064,0.0
trend_recent_20,2021,2014,0.05,0.7307385398981321,151.12275382003395,0.0
trend_recent_20,2021,2015,0.05,0.6263473199126847,197.78694542808637,0.0
trend_recent_20,2021,2016,0.05,0.5219560999272372,183.73149648314333,0.0
trend_recent_20,2021,2017,0.05,0.41756487994178976,104.24766432209556,0.0
trend_recent_20,2021,2018,0.05,0.31317365995634233,259.5657482415716,2475.5748241571664
trend_recent_20,2021,2019,0.05,0.20878243997089488,182.8573650254669,0.0
trend_recent_20,2021,2020,0.05,0.10439121998544744,212.14868251273342,0.0
expanding,2022,2000,0.045454545454545456,0.0,276.99,4503.000000000003
expanding,2022,2001,0.045454545454545456,0.0,257.09999999999997,2513.9999999999986
expanding,2022,2002,0.045454545454545456,0.0,324.51000000000005,9255.000000000007
expanding,2022,2003,0.045454545454545456,0.0,303.57,7161.000000000002
expanding,2022,2004,0.045454545454545456,0.0,260.64,2868.000000000001
expanding,2022,2005,0.045454545454545456,0.0,248.52000000000004,1656.000000000006
expanding,2022,2006,0.045454545454545456,0.0,285.72,5376.000000000005
expanding,2022,2007,0.045454545454545456,0.0,129.57,0.0
expanding,2022,2008,0.045454545454545456,0.0,281.58,4962.0
expanding,2022,2009,0.045454545454545456,0.0,290.28000000000003,5832.0000000000055
expanding,2022,2010,0.045454545454545456,0.0,203.88,0.0
expanding,2022,2011,0.045454545454545456,0.0,234.80999999999995,284.9999999999966
expanding,2022,2012,0.045454545454545456,0.0,199.29000000000002,0.0
expanding,2022,2013,0.045454545454545456,0.0,192.65999999999997,0.0
expanding,2022,2014,0.045454545454545456,0.0,181.58999999999997,0.0
expanding,2022,2015,0.045454545454545456,0.0,229.11,0.0
expanding,2022,2016,0.045454545454545456,0.0,206.78999999999996,0.0
expanding,2022,2017,0.045454545454545456,0.0,119.28000000000002,0.0
expanding,2022,2018,0.045454545454545456,0.0,270.84,3887.9999999999995
expanding,2022,2019,0.045454545454545456,0.0,193.38,0.0
expanding,2022,2020,0.045454545454545456,0.0,217.41000000000003,0.0
expanding,2022,2021,0.045454545454545456,0.0,94.08,0.0
recent_10,2022,2012,0.1,0.0,199.29000000000002,0.0
recent_10,2022,2013,0.1,0.0,192.65999999999997,0.0
recent_10,2022,2014,0.1,0.0,181.58999999999997,0.0
recent_10,2022,2015,0.1,0.0,229.11,0.0
recent_10,2022,2016,0.1,0.0,206.78999999999996,0.0
recent_10,2022,2017,0.1,0.0,119.28000000000002,0.0
recent_10,2022,2018,0.1,0.0,270.84,3887.9999999999995
recent_10,2022,2019,0.1,0.0,193.38,0.0
recent_10,2022,2020,0.1,0.0,217.41000000000003,0.0
recent_10,2022,2021,0.1,0.0,94.08,0.0
recent_20,2022,2002,0.05,0.0,324.51000000000005,9255.000000000007
recent_20,2022,2003,0.05,0.0,303.57,7161.000000000002
recent_20,2022,2004,0.05,0.0,260.64,2868.000000000001
recent_20,2022,2005,0.05,0.0,248.52000000000004,1656.000000000006
recent_20,2022,2006,0.05,0.0,285.72,5376.000000000005
recent_20,2022,2007,0.05,0.0,129.57,0.0
recent_20,2022,2008,0.05,0.0,281.58,4962.0
recent_20,2022,2009,0.05,0.0,290.28000000000003,5832.0000000000055
recent_20,2022,2010,0.05,0.0,203.88,0.0
recent_20,2022,2011,0.05,0.0,234.80999999999995,284.9999999999966
recent_20,2022,2012,0.05,0.0,199.29000000000002,0.0
recent_20,2022,2013,0.05,0.0,192.65999999999997,0.0
recent_20,2022,2014,0.05,0.0,181.58999999999997,0.0
recent_20,2022,2015,0.05,0.0,229.11,0.0
recent_20,2022,2016,0.05,0.0,206.78999999999996,0.0
recent_20,2022,2017,0.05,0.0,119.28000000000002,0.0
recent_20,2022,2018,0.05,0.0,270.84,3887.9999999999995
recent_20,2022,2019,0.05,0.0,193.38,0.0
recent_20,2022,2020,0.05,0.0,217.41000000000003,0.0
recent_20,2022,2021,0.05,0.0,94.08,0.0
temperature_trend,2022,2000,0.045454545454545456,2.7025646163093566,150.67382488479265,0.0
temperature_trend,2022,2001,0.045454545454545456,2.579720770113477,154.5570470483233,0.0
temperature_trend,2022,2002,0.045454545454545456,2.456876923917597,215.8352953498114,0.0
temperature_trend,2022,2003,0.045454545454545456,2.334033077721717,191.31103058232094,0.0
temperature_trend,2022,2004,0.045454545454545456,2.2111892315258372,150.80662519808385,0.0
temperature_trend,2022,2005,0.045454545454545456,2.0883453853299576,162.17054443452764,0.0
temperature_trend,2022,2006,0.045454545454545456,1.9655015391340775,193.96823627984912,0.0
temperature_trend,2022,2007,0.045454545454545456,1.8426576929381977,74.84180998524616,0.0
temperature_trend,2022,2008,0.045454545454545456,1.7198138467423179,205.39970674486804,0.0
temperature_trend,2022,2009,0.045454545454545456,1.596970000546438,214.37180397442665,0.0
temperature_trend,2022,2010,0.045454545454545456,1.4741261543505582,136.9846042877179,0.0
temperature_trend,2022,2011,0.045454545454545456,1.3512823081546783,175.2969124423963,0.0
temperature_trend,2022,2012,0.045454545454545456,1.2284384619587985,147.95621536948323,0.0
temperature_trend,2022,2013,0.045454545454545456,1.1055946157629186,150.4485235241617,0.0
temperature_trend,2022,2014,0.045454545454545456,0.9827507695670388,141.14306952514522,0.0
temperature_trend,2022,2015,0.045454545454545456,0.8599069233711589,186.85635598622972,0.0
temperature_trend,2022,2016,0.045454545454545456,0.7370630771752791,174.43887506602795,0.0
temperature_trend,2022,2017,0.045454545454545456,0.6142192309793992,97.31370230050453,0.0
temperature_trend,2022,2018,0.045454545454545456,0.4913753847835194,253.15048614779317,2119.0486147793195
temperature_trend,2022,2019,0.045454545454545456,0.36853153858763954,174.95936722464072,0.0
temperature_trend,2022,2020,0.045454545454545456,0.2456876923917597,205.0273403034553,0.0
temperature_trend,2022,2021,0.045454545454545456,0.12284384619587985,90.48209722955862,0.0
trend_half_shift,2022,2000,0.045454545454545456,1.3512823081546783,210.26767982368258,0.0
trend_half_shift,2022,2001,0.045454545454545456,1.2898603850567385,200.24978005865097,0.0
trend_half_shift,2022,2002,0.045454545454545456,1.2284384619587985,269.230269211854,3727.0269211854043
trend_half_shift,2022,2003,0.045454545454545456,1.1670165388608584,243.34299621136228,1138.2996211362297
trend_half_shift,2022,2004,0.045454545454545456,1.1055946157629186,202.94810167392217,0.0
trend_half_shift,2022,2005,0.045454545454545456,1.0441726926649788,203.7612505236699,0.0
trend_half_shift,2022,2006,0.045454545454545456,0.9827507695670388,236.72726398426258,476.72639842625983
trend_half_shift,2022,2007,0.045454545454545456,0.9213288464690988,99.43572922168998,0.0
trend_half_shift,2022,2008,0.045454545454545456,0.8599069233711589,242.88418844829783,1092.4188448297855
trend_half_shift,2022,2009,0.045454545454545456,0.798485000273219,251.74090198721336,1978.0901987213383
trend_half_shift,2022,2010,0.045454545454545456,0.7370630771752791,168.84544798819695,0.0
trend_half_shift,2022,2011,0.045454545454545456,0.6756411540773392,204.09230214385892,0.0
trend_half_shift,2022,2012,0.045454545454545456,0.6142192309793992,172.33132383745289,0.0
trend_half_shift,2022,2013,0.045454545454545456,0.5527973078814593,171.3442617620808,0.0
trend_half_shift,2022,2014,0.045454545454545456,0.4913753847835194,160.60153476257258,0.0
trend_half_shift,2022,2015,0.045454545454545456,0.42995346168557946,207.44034553104683,0.0
trend_half_shift,2022,2016,0.045454545454545456,0.36853153858763954,190.359437533014,0.0
trend_half_shift,2022,2017,0.045454545454545456,0.3071096154896996,108.22405384237078,0.0
trend_half_shift,2022,2018,0.045454545454545456,0.2456876923917597,261.9952430738966,3003.5243073896595
trend_half_shift,2022,2019,0.045454545454545456,0.18426576929381977,184.09300522759148,0.0
trend_half_shift,2022,2020,0.045454545454545456,0.12284384619587985,211.21867015172762,0.0
trend_half_shift,2022,2021,0.045454545454545456,0.06142192309793992,92.25104861477931,0.0
trend_recent_20,2022,2002,0.05,2.6476352170749395,207.93790201309753,0.0
trend_recent_20,2022,2003,0.05,2.515253456221193,183.80850691244262,0.0
trend_recent_20,2022,2004,0.05,2.3828716953674456,143.65911181178777,0.0
trend_recent_20,2022,2005,0.05,2.2504899345136984,156.04148047538217,0.0
trend_recent_20,2022,2006,0.05,2.1181081736599516,187.650321610478,0.0
trend_recent_20,2022,2007,0.05,1.9857264128062047,71.59261702643714,0.0
trend_recent_20,2022,2008,0.05,1.8533446519524577,199.87153140916826,0.0
trend_recent_20,2022,2009,0.05,1.7209628910987107,208.5689366965803,0.0
trend_recent_20,2022,2010,0.05,1.5885811302449637,132.45218724229937,0.0
trend_recent_20,2022,2011,0.05,1.4561993693912167,171.215663837012,0.0
trend_recent_20,2022,2012,0.05,1.3238176085374698,144.52256609265106,0.0
trend_recent_20,2022,2013,0.05,1.1914358476837228,147.30830948338598,0.0
trend_recent_20,2022,2014,0.05,1.0590540868299758,138.12145816153293,0.0
trend_recent_20,2022,2015,0.05,0.9266723259762288,183.7317351443125,0.0
trend_recent_20,2022,2016,0.05,0.7942905651224819,171.9666475867088,0.0
trend_recent_20,2022,2017,0.05,0.6619088042687349,95.6827188940093,0.0
trend_recent_20,2022,2018,0.05,0.5295270434149879,251.77702643706044,1981.7026437060463
trend_recent_20,2022,2019,0.05,0.39714528256124093,173.5687392675237,0.0
trend_recent_20,2022,2020,0.05,0.26476352170749395,204.0659185059423,0.0
trend_recent_20,2022,2021,0.05,0.13238176085374698,90.20740528741207,0.0
expanding,2023,2000,0.043478260869565216,0.0,276.99,4218.000000000006
expanding,2023,2001,0.043478260869565216,0.0,257.09999999999997,2229.000000000002
expanding,2023,2002,0.043478260869565216,0.0,324.51000000000005,8970.000000000011
expanding,2023,2003,0.043478260869565216,0.0,303.57,6876.000000000005
expanding,2023,2004,0.043478260869565216,0.0,260.64,2583.000000000004
expanding,2023,2005,0.043478260869565216,0.0,248.52000000000004,1371.0000000000093
expanding,2023,2006,0.043478260869565216,0.0,285.72,5091.000000000008
expanding,2023,2007,0.043478260869565216,0.0,129.57,0.0
expanding,2023,2008,0.043478260869565216,0.0,281.58,4677.000000000004
expanding,2023,2009,0.043478260869565216,0.0,290.28000000000003,5547.000000000008
expanding,2023,2010,0.043478260869565216,0.0,203.88,0.0
expanding,2023,2011,0.043478260869565216,0.0,234.80999999999995,0.0
expanding,2023,2012,0.043478260869565216,0.0,199.29000000000002,0.0
expanding,2023,2013,0.043478260869565216,0.0,192.65999999999997,0.0
expanding,2023,2014,0.043478260869565216,0.0,181.58999999999997,0.0
expanding,2023,2015,0.043478260869565216,0.0,229.11,0.0
expanding,2023,2016,0.043478260869565216,0.0,206.78999999999996,0.0
expanding,2023,2017,0.043478260869565216,0.0,119.28000000000002,0.0
expanding,2023,2018,0.043478260869565216,0.0,270.84,3603.0000000000027
expanding,2023,2019,0.043478260869565216,0.0,193.38,0.0
expanding,2023,2020,0.043478260869565216,0.0,217.41000000000003,0.0
expanding,2023,2021,0.043478260869565216,0.0,94.08,0.0
expanding,2023,2022,0.043478260869565216,0.0,248.91000000000003,1410.000000000008
recent_10,2023,2013,0.1,0.0,192.65999999999997,0.0
recent_10,2023,2014,0.1,0.0,181.58999999999997,0.0
recent_10,2023,2015,0.1,0.0,229.11,0.0
recent_10,2023,2016,0.1,0.0,206.78999999999996,0.0
recent_10,2023,2017,0.1,0.0,119.28000000000002,0.0
recent_10,2023,2018,0.1,0.0,270.84,3603.0000000000027
recent_10,2023,2019,0.1,0.0,193.38,0.0
recent_10,2023,2020,0.1,0.0,217.41000000000003,0.0
recent_10,2023,2021,0.1,0.0,94.08,0.0
recent_10,2023,2022,0.1,0.0,248.91000000000003,1410.000000000008
recent_20,2023,2003,0.05,0.0,303.57,6876.000000000005
recent_20,2023,2004,0.05,0.0,260.64,2583.000000000004
recent_20,2023,2005,0.05,0.0,248.52000000000004,1371.0000000000093
recent_20,2023,2006,0.05,0.0,285.72,5091.000000000008
recent_20,2023,2007,0.05,0.0,129.57,0.0
recent_20,2023,2008,0.05,0.0,281.58,4677.000000000004
recent_20,2023,2009,0.05,0.0,290.28000000000003,5547.000000000008
recent_20,2023,2010,0.05,0.0,203.88,0.0
recent_20,2023,2011,0.05,0.0,234.80999999999995,0.0
recent_20,2023,2012,0.05,0.0,199.29000000000002,0.0
recent_20,2023,2013,0.05,0.0,192.65999999999997,0.0
recent_20,2023,2014,0.05,0.0,181.58999999999997,0.0
recent_20,2023,2015,0.05,0.0,229.11,0.0
recent_20,2023,2016,0.05,0.0,206.78999999999996,0.0
recent_20,2023,2017,0.05,0.0,119.28000000000002,0.0
recent_20,2023,2018,0.05,0.0,270.84,3603.0000000000027
recent_20,2023,2019,0.05,0.0,193.38,0.0
recent_20,2023,2020,0.05,0.0,217.41000000000003,0.0
recent_20,2023,2021,0.05,0.0,94.08,0.0
recent_20,2023,2022,0.05,0.0,248.91000000000003,1410.000000000008
temperature_trend,2023,2000,0.043478260869565216,2.302236070381232,167.247426686217,0.0
temperature_trend,2023,2001,0.043478260869565216,2.202138849929874,166.79070126227205,0.0
temperature_trend,2023,2002,0.043478260869565216,2.1020416294785162,230.52547653958945,0.0
temperature_trend,2023,2003,0.043478260869565216,2.0019444090271583,205.05950146627563,0.0
temperature_trend,2023,2004,0.043478260869565216,1.9018471885758004,164.73355157465258,0.0
temperature_trend,2023,2005,0.043478260869565216,1.8017499681244424,173.00385120489605,0.0
temperature_trend,2023,2006,0.043478260869565216,1.7016527476730845,205.30860130052275,0.0
temperature_trend,2023,2007,0.043478260869565216,1.6015555272217266,80.63080071401248,0.0
temperature_trend,2023,2008,0.043478260869565216,1.5014583067703686,214.76700114752003,0.0
temperature_trend,2023,2009,0.043478260869565216,1.4013610863190107,223.5263011602703,0.0
temperature_trend,2023,2010,0.043478260869565216,1.3012638658676527,143.9776759530791,0.0
temperature_trend,2023,2011,0.043478260869565216,1.2011666454162948,181.51170087976536,0.0
temperature_trend,2023,2012,0.043478260869565216,1.101069424964937,152.6576507713885,0.0
temperature_trend,2023,2013,0.043478260869565216,1.0009722045135792,154.40325066938672,0.0
temperature_trend,2023,2014,0.043478260869565216,0.9008749840622212,144.38535063113602,0.0
temperature_trend,2023,2015,0.043478260869565216,0.8007777636108633,189.6236006630116,0.0
temperature_trend,2023,2016,0.043478260869565216,0.7006805431595053,176.01060053550935,0.0
temperature_trend,2023,2017,0.043478260869565216,0.6005833227081474,97.78005036338135,0.0
temperature_trend,2023,2018,0.043478260869565216,0.5004861022567896,252.82250031875554,1801.25003187556
temperature_trend,2023,2019,0.043478260869565216,0.40038888180543164,173.411100344256,0.0
temperature_trend,2023,2020,0.043478260869565216,0.3002916613540737,202.305825258192,0.0
temperature_trend,2023,2021,0.043478260869565216,0.20019444090271582,88.25440010200175,0.0
temperature_trend,2023,2022,0.043478260869565216,0.10009722045135791,243.86510008925154,905.5100089251596
trend_half_shift,2023,2000,0.043478260869565216,1.151118035190616,219.99566348973605,0.0
trend_half_shift,2023,2001,0.043478260869565216,1.101069424964937,208.0657258064516,0.0
trend_half_shift,2023,2002,0.043478260869565216,1.0510208147392581,277.2140633367334,4240.406333673343
trend_half_shift,2023,2003,0.043478260869565216,1.0009722045135792,251.4127508606401,1660.2750860640158
trend_half_shift,2023,2004,0.043478260869565216,0.9509235942879002,210.7034508478898,0.0
trend_half_shift,2023,2005,0.043478260869565216,0.9008749840622212,209.693775659824,0.0
trend_half_shift,2023,2006,0.043478260869565216,0.8508263738365422,242.90132570444985,809.13257044499
trend_half_shift,2023,2007,0.043478260869565216,0.8007777636108633,102.96620043350758,0.0
trend_half_shift,2023,2008,0.043478260869565216,0.7507291533851843,247.79718809766678,1298.718809766683
trend_half_shift,2023,2009,0.043478260869565216,0.7006805431595053,256.3181505801351,2150.815058013518
trend_half_shift,2023,2010,0.043478260869565216,0.6506319329338264,172.8904255386969,0.0
trend_half_shift,2023,2011,0.043478260869565216,0.6005833227081474,207.33480045900805,0.0
trend_half_shift,2023,2012,0.043478260869565216,0.5505347124824685,174.9678629032258,0.0
trend_half_shift,2023,2013,0.043478260869565216,0.5004861022567896,173.3216253346933,0.0
trend_half_shift,2023,2014,0.043478260869565216,0.4504374920311106,162.22267531556804,0.0
trend_half_shift,2023,2015,0.043478260869565216,0.40038888180543164,208.93040035700628,0.0
trend_half_shift,2023,2016,0.043478260869565216,0.35034027157975267,191.14530026775464,0.0
trend_half_shift,2023,2017,0.043478260869565216,0.3002916613540737,108.46950019125333,0.0
trend_half_shift,2023,2018,0.043478260869565216,0.2502430511283948,261.83125015937776,2702.1250159377814
trend_half_shift,2023,2019,0.043478260869565216,0.20019444090271582,183.29020017850314,0.0
trend_half_shift,2023,2020,0.043478260869565216,0.15014583067703685,209.84265013387736,0.0
trend_half_shift,2023,2021,0.043478260869565216,0.10009722045135791,91.13720005100089,0.0
trend_half_shift,2023,2022,0.043478260869565216,0.050048610225678955,246.3875500446258,1157.7550044625866
trend_recent_20,2023,2003,0.05,1.921149648314332,208.4044045597866,0.0
trend_recent_20,2023,2004,0.05,1.8250921658986154,168.32568663594483,0.0
trend_recent_20,2023,2005,0.05,1.7290346834828987,175.75248896434644,0.0
trend_recent_20,2023,2006,0.05,1.6329772010671821,208.27538491389774,0.0
trend_recent_20,2023,2007,0.05,1.5369197186514656,82.25962308998307,0.0
trend_recent_20,2023,2008,0.05,1.440862236235749,217.3847513946157,0.0
trend_recent_20,2023,2009,0.05,1.3448047538200325,226.1731375212225,0.0
trend_recent_20,2023,2010,0.05,1.2487472714043157,146.15186296386128,0.0
trend_recent_20,2023,2011,0.05,1.1526897889885992,183.51864273587196,0.0
trend_recent_20,2023,2012,0.05,1.0566323065728827,154.41736065971378,0.0
trend_recent_20,2023,2013,0.05,0.960574824157166,155.9302716468591,0.0
trend_recent_20,2023,2014,0.05,0.8645173417414493,145.8251132670386,0.0
trend_recent_20,2023,2015,0.05,0.7684598593257328,191.1360785835557,0.0
trend_recent_20,2023,2016,0.05,0.6724023769100163,177.23221731748725,0.0
trend_recent_20,2023,2017,0.05,0.5763448944942996,98.60900460829492,0.0
trend_recent_20,2023,2018,0.05,0.480287412078583,253.54965316517104,1873.9653165171092
trend_recent_20,2023,2019,0.05,0.3842299296628664,174.19642541838465,0.0
trend_recent_20,2023,2020,0.05,0.2881724472471498,202.89481906378847,0.0
trend_recent_20,2023,2021,0.05,0.1921149648314332,88.48708901285475,0.0
trend_recent_20,2023,2022,0.05,0.0960574824157166,244.06870288624788,925.8702886247931
expanding,2024,2000,0.041666666666666664,0.0,276.99,4503.000000000003
expanding,2024,2001,0.041666666666666664,0.0,257.09999999999997,2513.9999999999986
expanding,2024,2002,0.041666666666666664,0.0,324.51000000000005,9255.000000000007
expanding,2024,2003,0.041666666666666664,0.0,303.57,7161.000000000002
expanding,2024,2004,0.041666666666666664,0.0,260.64,2868.000000000001
expanding,2024,2005,0.041666666666666664,0.0,248.52000000000004,1656.000000000006
expanding,2024,2006,0.041666666666666664,0.0,285.72,5376.000000000005
expanding,2024,2007,0.041666666666666664,0.0,129.57,0.0
expanding,2024,2008,0.041666666666666664,0.0,281.58,4962.0
expanding,2024,2009,0.041666666666666664,0.0,290.28000000000003,5832.0000000000055
expanding,2024,2010,0.041666666666666664,0.0,203.88,0.0
expanding,2024,2011,0.041666666666666664,0.0,234.80999999999995,284.9999999999966
expanding,2024,2012,0.041666666666666664,0.0,199.29000000000002,0.0
expanding,2024,2013,0.041666666666666664,0.0,192.65999999999997,0.0
expanding,2024,2014,0.041666666666666664,0.0,181.58999999999997,0.0
expanding,2024,2015,0.041666666666666664,0.0,229.11,0.0
expanding,2024,2016,0.041666666666666664,0.0,206.78999999999996,0.0
expanding,2024,2017,0.041666666666666664,0.0,119.28000000000002,0.0
expanding,2024,2018,0.041666666666666664,0.0,270.84,3887.9999999999995
expanding,2024,2019,0.041666666666666664,0.0,193.38,0.0
expanding,2024,2020,0.041666666666666664,0.0,217.41000000000003,0.0
expanding,2024,2021,0.041666666666666664,0.0,94.08,0.0
expanding,2024,2022,0.041666666666666664,0.0,248.91000000000003,1695.0000000000045
expanding,2024,2023,0.041666666666666664,0.0,185.4,0.0
recent_10,2024,2014,0.1,0.0,181.58999999999997,0.0
recent_10,2024,2015,0.1,0.0,229.11,0.0
recent_10,2024,2016,0.1,0.0,206.78999999999996,0.0
recent_10,2024,2017,0.1,0.0,119.28000000000002,0.0
recent_10,2024,2018,0.1,0.0,270.84,3887.9999999999995
recent_10,2024,2019,0.1,0.0,193.38,0.0
recent_10,2024,2020,0.1,0.0,217.41000000000003,0.0
recent_10,2024,2021,0.1,0.0,94.08,0.0
recent_10,2024,2022,0.1,0.0,248.91000000000003,1695.0000000000045
recent_10,2024,2023,0.1,0.0,185.4,0.0
recent_20,2024,2004,0.05,0.0,260.64,2868.000000000001
recent_20,2024,2005,0.05,0.0,248.52000000000004,1656.000000000006
recent_20,2024,2006,0.05,0.0,285.72,5376.000000000005
recent_20,2024,2007,0.05,0.0,129.57,0.0
recent_20,2024,2008,0.05,0.0,281.58,4962.0
recent_20,2024,2009,0.05,0.0,290.28000000000003,5832.0000000000055
recent_20,2024,2010,0.05,0.0,203.88,0.0
recent_20,2024,2011,0.05,0.0,234.80999999999995,284.9999999999966
recent_20,2024,2012,0.05,0.0,199.29000000000002,0.0
recent_20,2024,2013,0.05,0.0,192.65999999999997,0.0
recent_20,2024,2014,0.05,0.0,181.58999999999997,0.0
recent_20,2024,2015,0.05,0.0,229.11,0.0
recent_20,2024,2016,0.05,0.0,206.78999999999996,0.0
recent_20,2024,2017,0.05,0.0,119.28000000000002,0.0
recent_20,2024,2018,0.05,0.0,270.84,3887.9999999999995
recent_20,2024,2019,0.05,0.0,193.38,0.0
recent_20,2024,2020,0.05,0.0,217.41000000000003,0.0
recent_20,2024,2021,0.05,0.0,94.08,0.0
recent_20,2024,2022,0.05,0.0,248.91000000000003,1695.0000000000045
recent_20,2024,2023,0.05,0.0,185.4,0.0
temperature_trend,2024,2000,0.041666666666666664,2.3016942496493673,167.26985806451614,0.0
temperature_trend,2024,2001,0.041666666666666664,2.2057903225806434,166.67239354838713,0.0
temperature_trend,2024,2002,0.041666666666666664,2.10988639551192,230.20070322580648,0.0
temperature_trend,2024,2003,0.041666666666666664,2.0139824684431966,204.56112580645166,0.0
temperature_trend,2024,2004,0.041666666666666664,1.9180785413744728,163.97392426367466,0.0
temperature_trend,2024,2005,0.041666666666666664,1.8221746143057491,172.23179957924265,0.0
temperature_trend,2024,2006,0.041666666666666664,1.7262706872370255,204.24510631136047,0.0
temperature_trend,2024,2007,0.041666666666666664,1.6303667601683018,79.9047576437588,0.0
temperature_trend,2024,2008,0.041666666666666664,1.5344628330995782,213.34120561009814,0.0
temperature_trend,2024,2009,0.041666666666666664,1.4385589060308546,221.78544319775602,0.0
temperature_trend,2024,2010,0.041666666666666664,1.342654978962131,142.26408387096777,0.0
temperature_trend,2024,2011,0.041666666666666664,1.2467510518934073,179.62450645161294,0.0
temperature_trend,2024,2012,0.041666666666666664,1.1508471248246837,150.74950350631138,0.0
temperature_trend,2024,2013,0.041666666666666664,1.05494319775596,152.36314712482468,0.0
temperature_trend,2024,2014,0.041666666666666664,0.9590392706872364,142.08204488078542,0.0
temperature_trend,2024,2015,0.041666666666666664,0.8631353436185127,186.7052659186536,0.0
temperature_trend,2024,2016,0.041666666666666664,0.7672314165497891,173.13560280504913,0.0
temperature_trend,2024,2017,0.041666666666666664,0.6713274894810655,95.36059985974751,0.0
temperature_trend,2024,2018,0.041666666666666664,0.5754235624123418,250.1247517531557,1816.4751753155713
temperature_trend,2024,2019,0.041666666666666664,0.4795196353436182,169.56534572230015,0.0
temperature_trend,2024,2020,0.041666666666666664,0.38361570827489455,198.25627657784008,0.0
temperature_trend,2024,2021,0.041666666666666664,0.2877117812061709,85.74966311360447,0.0
temperature_trend,2024,2022,0.041666666666666664,0.19180785413744728,239.2428841514726,728.2884151472615
temperature_trend,2024,2023,0.041666666666666664,0.09590392706872364,181.2569503506311,0.0
trend_half_shift,2024,2000,0.041666666666666664,1.1508471248246837,220.00882973352043,0.0
trend_half_shift,2024,2001,0.041666666666666664,1.1028951612903217,207.9901403225807,0.0
trend_half_shift,2024,2002,0.041666666666666664,1.05494319775596,277.03755610098176,4507.755610098178
trend_half_shift,2024,2003,0.041666666666666664,1.0069912342215983,251.12022601683032,1916.0226016830336
trend_half_shift,2024,2004,0.041666666666666664,0.9590392706872364,210.29442075736324,0.0
trend_half_shift,2024,2005,0.041666666666666664,0.9110873071528746,209.27098548387102,0.0
trend_half_shift,2024,2006,0.041666666666666664,0.8631353436185127,242.32526591865354,1036.5265918653563
trend_half_shift,2024,2007,0.041666666666666664,0.8151833800841509,102.525388569425,0.0
trend_half_shift,2024,2008,0.041666666666666664,0.7672314165497891,247.05458625525947,1509.4586255259487
trend_half_shift,2024,2009,0.041666666666666664,0.7192794530154273,255.447721598878,2348.772159887801
trend_half_shift,2024,2010,0.041666666666666664,0.6713274894810655,171.92187349228615,0.0
trend_half_shift,2024,2011,0.041666666666666664,0.6233755259467036,206.3501772791024,0.0
trend_half_shift,2024,2012,0.041666666666666664,0.5754235624123418,173.937464516129,0.0
trend_half_shift,2024,2013,0.041666666666666664,0.52747159887798,172.30157356241236,0.0
trend_half_shift,2024,2014,0.041666666666666664,0.4795196353436182,161.07102244039274,0.0
trend_half_shift,2024,2015,0.041666666666666664,0.43156767180925637,207.35898934081348,0.0
trend_half_shift,2024,2016,0.041666666666666664,0.38361570827489455,189.70780140252452,0.0
trend_half_shift,2024,2017,0.041666666666666664,0.33566374474053273,107.1961051893408,0.0
trend_half_shift,2024,2018,0.041666666666666664,0.2877117812061709,260.4823758765778,2852.2375876577826
trend_half_shift,2024,2019,0.041666666666666664,0.2397598176718091,181.29610518934075,0.0
trend_half_shift,2024,2020,0.041666666666666664,0.19180785413744728,207.74288415147262,0.0
trend_half_shift,2024,2021,0.041666666666666664,0.14385589060308546,89.87695035063115,0.0
trend_half_shift,2024,2022,0.041666666666666664,0.09590392706872364,244.07644207573634,1211.6442075736359
trend_half_shift,2024,2023,0.041666666666666664,0.04795196353436182,183.32847517531553,0.0
trend_recent_20,2024,2004,0.05,1.5194033470773693,182.83699733203983,0.0
trend_recent_20,2024,2005,0.05,1.443433179723501,187.231866359447,0.0
trend_recent_20,2024,2006,0.05,1.3674630123696323,219.74559786563182,0.0
trend_recent_20,2024,2007,0.05,1.291492845015764,88.77500606354599,0.0
trend_recent_20,2024,2008,0.05,1.2155226776618955,227.11942032500613,0.0
trend_recent_20,2024,2009,0.05,1.139552510308027,235.7789425175843,381.89425175843326
trend_recent_20,2024,2010,0.05,1.0635823429541587,153.97879456706278,0.0
trend_recent_20,2024,2011,0.05,0.98761217560029,190.61515401406749,0.0
trend_recent_20,2024,2012,0.05,0.9116420082464216,160.15897647344173,0.0
trend_recent_20,2024,2013,0.05,0.8356718408925532,160.65160441426147,0.0
trend_recent_20,2024,2014,0.05,0.7597016735386847,149.97581372786806,0.0
trend_recent_20,2024,2015,0.05,0.6837315061848162,195.10136551055055,0.0
trend_recent_20,2024,2016,0.05,0.6077613388309477,180.02471016250308,0.0
trend_recent_20,2024,2017,0.05,0.5317911714770793,100.13551782682512,0.0
trend_recent_20,2024,2018,0.05,0.4558210041232108,254.4304438515644,2247.0443851564423
trend_recent_20,2024,2019,0.05,0.37985083676934234,174.40924933300994,0.0
trend_recent_20,2024,2020,0.05,0.30388066941547387,202.13139946640797,0.0
trend_recent_20,2024,2021,0.05,0.2279105020616054,87.45617754062575,0.0
trend_recent_20,2024,2022,0.05,0.15194033470773693,241.25220713073006,929.2207130730077
trend_recent_20,2024,2023,0.05,0.07597016735386847,182.11808877031285,0.0
expanding,2025,2000,0.04,0.0,276.99,4788.0
expanding,2025,2001,0.04,0.0,257.09999999999997,2798.9999999999955
expanding,2025,2002,0.04,0.0,324.51000000000005,9540.000000000004
expanding,2025,2003,0.04,0.0,303.57,7445.999999999998
expanding,2025,2004,0.04,0.0,260.64,3152.9999999999973
expanding,2025,2005,0.04,0.0,248.52000000000004,1941.0000000000025
expanding,2025,2006,0.04,0.0,285.72,5661.000000000002
expanding,2025,2007,0.04,0.0,129.57,0.0
expanding,2025,2008,0.04,0.0,281.58,5246.999999999997
expanding,2025,2009,0.04,0.0,290.28000000000003,6117.000000000002
expanding,2025,2010,0.04,0.0,203.88,0.0
expanding,2025,2011,0.04,0.0,234.80999999999995,569.9999999999932
expanding,2025,2012,0.04,0.0,199.29000000000002,0.0
expanding,2025,2013,0.04,0.0,192.65999999999997,0.0
expanding,2025,2014,0.04,0.0,181.58999999999997,0.0
expanding,2025,2015,0.04,0.0,229.11,0.0
expanding,2025,2016,0.04,0.0,206.78999999999996,0.0
expanding,2025,2017,0.04,0.0,119.28000000000002,0.0
expanding,2025,2018,0.04,0.0,270.84,4172.999999999996
expanding,2025,2019,0.04,0.0,193.38,0.0
expanding,2025,2020,0.04,0.0,217.41000000000003,0.0
expanding,2025,2021,0.04,0.0,94.08,0.0
expanding,2025,2022,0.04,0.0,248.91000000000003,1980.0000000000011
expanding,2025,2023,0.04,0.0,185.4,0.0
expanding,2025,2024,0.04,0.0,138.35999999999996,0.0
recent_10,2025,2015,0.1,0.0,229.11,0.0
recent_10,2025,2016,0.1,0.0,206.78999999999996,0.0
recent_10,2025,2017,0.1,0.0,119.28000000000002,0.0
recent_10,2025,2018,0.1,0.0,270.84,4172.999999999996
recent_10,2025,2019,0.1,0.0,193.38,0.0
recent_10,2025,2020,0.1,0.0,217.41000000000003,0.0
recent_10,2025,2021,0.1,0.0,94.08,0.0
recent_10,2025,2022,0.1,0.0,248.91000000000003,1980.0000000000011
recent_10,2025,2023,0.1,0.0,185.4,0.0
recent_10,2025,2024,0.1,0.0,138.35999999999996,0.0
recent_20,2025,2005,0.05,0.0,248.52000000000004,1941.0000000000025
recent_20,2025,2006,0.05,0.0,285.72,5661.000000000002
recent_20,2025,2007,0.05,0.0,129.57,0.0
recent_20,2025,2008,0.05,0.0,281.58,5246.999999999997
recent_20,2025,2009,0.05,0.0,290.28000000000003,6117.000000000002
recent_20,2025,2010,0.05,0.0,203.88,0.0
recent_20,2025,2011,0.05,0.0,234.80999999999995,569.9999999999932
recent_20,2025,2012,0.05,0.0,199.29000000000002,0.0
recent_20,2025,2013,0.05,0.0,192.65999999999997,0.0
recent_20,2025,2014,0.05,0.0,181.58999999999997,0.0
recent_20,2025,2015,0.05,0.0,229.11,0.0
recent_20,2025,2016,0.05,0.0,206.78999999999996,0.0
recent_20,2025,2017,0.05,0.0,119.28000000000002,0.0
recent_20,2025,2018,0.05,0.0,270.84,4172.999999999996
recent_20,2025,2019,0.05,0.0,193.38,0.0
recent_20,2025,2020,0.05,0.0,217.41000000000003,0.0
recent_20,2025,2021,0.05,0.0,94.08,0.0
recent_20,2025,2022,0.05,0.0,248.91000000000003,1980.0000000000011
recent_20,2025,2023,0.05,0.0,185.4,0.0
recent_20,2025,2024,0.05,0.0,138.35999999999996,0.0
temperature_trend,2025,2000,0.04,2.476985111662529,160.01281637717128,0.0
temperature_trend,2025,2001,0.04,2.3779057071960277,161.09585508684864,0.0
temperature_trend,2025,2002,0.04,2.2788263027295264,223.2065910669976,0.0
temperature_trend,2025,2003,0.04,2.1797468982630255,197.69847841191074,0.0
temperature_trend,2025,2004,0.04,2.080667493796524,156.62996277915641,0.0
temperature_trend,2025,2005,0.04,1.981588089330023,166.2059702233251,0.0
temperature_trend,2025,2006,0.04,1.882508684863522,197.49562481389583,0.0
temperature_trend,2025,2007,0.04,1.7834292803970206,76.22775483870971,0.0
temperature_trend,2025,2008,0.04,1.6843498759305195,206.86791513647643,0.0
temperature_trend,2025,2009,0.04,1.5852704714640184,214.91934193548394,0.0
temperature_trend,2025,2010,0.04,1.4861910669975174,136.50683374689834,0.0
temperature_trend,2025,2011,0.04,1.3871116625310163,173.8271791563276,0.0
temperature_trend,2025,2012,0.04,1.288032258064515,145.81083870967743,0.0
temperature_trend,2025,2013,0.04,1.1889528535980138,147.3976972704715,0.0
temperature_trend,2025,2014,0.04,1.0898734491315127,136.90101141439206,0.0
temperature_trend,2025,2015,0.04,0.9907940446650115,180.73083870967744,0.0
temperature_trend,2025,2016,0.04,0.8917146401985103,167.86301389578168,0.0
temperature_trend,2025,2017,0.04,0.7926352357320092,91.21187493796523,0.0
temperature_trend,2025,2018,0.04,0.6935558312655081,245.87199007444175,1676.1990074441742
temperature_trend,2025,2019,0.04,0.5944764267990069,163.97844565756827,0.0
temperature_trend,2025,2020,0.04,0.49539702233250577,192.8237047146402,0.0
temperature_trend,2025,2021,0.04,0.3963176178660046,83.01279602977667,0.0
temperature_trend,2025,2022,0.04,0.29723821339950346,233.92919404466505,481.9194044665039
temperature_trend,2025,2023,0.04,0.1981588089330023,176.83953945409434,0.0
temperature_trend,2025,2024,0.04,0.09907940446650115,134.25811265508685,0.0
trend_half_shift,2025,2000,0.04,1.2384925558312645,215.74926178660058,0.0
trend_half_shift,2025,2001,0.04,1.1889528535980138,204.4273518610422,0.0
trend_half_shift,2025,2002,0.04,1.1394131513647632,273.23640818858564,4412.640818858563
trend_half_shift,2025,2003,0.04,1.0898734491315127,247.0921503722084,1798.2150372208393
trend_half_shift,2025,2004,0.04,1.040333746898262,206.19717915632754,0.0
trend_half_shift,2025,2005,0.04,0.9907940446650115,205.97112655086843,0.0
trend_half_shift,2025,2006,0.04,0.941254342431761,238.66929677419353,955.9296774193513
trend_half_shift,2025,2007,0.04,0.8917146401985103,100.28861836228288,0.0
trend_half_shift,2025,2008,0.04,0.8421749379652598,243.6821277915633,1457.2127791563275
trend_half_shift,2025,2009,0.04,0.7926352357320092,252.01467096774195,2290.4670967741936
trend_half_shift,2025,2010,0.04,0.7430955334987587,168.56312903225805,0.0
trend_half_shift,2025,2011,0.04,0.6935558312655081,203.31838808933003,0.0
trend_half_shift,2025,2012,0.04,0.6440161290322575,171.09773225806453,0.0
trend_half_shift,2025,2013,0.04,0.5944764267990069,169.7687910669975,0.0
trend_half_shift,2025,2014,0.04,0.5449367245657564,158.48050570719604,0.0
trend_half_shift,2025,2015,0.04,0.49539702233250577,204.14199007444168,0.0
trend_half_shift,2025,2016,0.04,0.44585732009925516,187.0189637717122,0.0
trend_half_shift,2025,2017,0.04,0.3963176178660046,105.0125657568238,0.0
trend_half_shift,2025,2018,0.04,0.34677791563275406,258.35599503722085,2924.5995037220837
trend_half_shift,2025,2019,0.04,0.29723821339950346,178.42422282878414,0.0
trend_half_shift,2025,2020,0.04,0.24769851116625288,204.92599503722087,0.0
trend_half_shift,2025,2021,0.04,0.1981588089330023,88.3130263027295,0.0
trend_half_shift,2025,2022,0.04,0.14861910669975173,241.41959702233248,1230.9597022332468
trend_half_shift,2025,2023,0.04,0.09907940446650115,181.11976972704716,0.0
trend_half_shift,2025,2024,0.04,0.04953970223325058,136.30905632754337,0.0
trend_recent_20,2025,2005,0.05,1.5075915595440268,184.5757094348773,0.0
trend_recent_20,2025,2006,0.05,1.4322119815668255,216.9484423963131,0.0
trend_recent_20,2025,2007,0.05,1.356832403589624,86.8932267766188,0.0
trend_recent_20,2025,2008,0.05,1.2814528256124227,224.27123793354335,0.0
trend_recent_20,2025,2009,0.05,1.2060732476352214,232.66577201067167,355.577201067166
trend_recent_20,2025,2010,0.05,1.13069366965802,151.0440334707735,0.0
trend_recent_20,2025,2011,0.05,1.0553140916808188,187.6904312393886,0.0
trend_recent_20,2025,2012,0.05,0.9799345137036174,157.45459325733674,0.0
trend_recent_20,2025,2013,0.05,0.904554935726416,158.04782342954144,0.0
trend_recent_20,2025,2014,0.05,0.8291753577492147,147.2246558331311,0.0
trend_recent_20,2025,2015,0.05,0.7537957797720134,191.82235750666976,0.0
trend_recent_20,2025,2016,0.05,0.678416201794812,176.9724200824641,0.0
trend_recent_20,2025,2017,0.05,0.6030366238176107,97.69614746543769,0.0
trend_recent_20,2025,2018,0.05,0.5276570458404094,251.84434634974525,2273.4346349745238
trend_recent_20,2025,2019,0.05,0.452277467863208,170.88931506184807,0.0
trend_recent_20,2025,2020,0.05,0.3768978898860067,198.58276255154004,0.0
trend_recent_20,2025,2021,0.05,0.30151831190880535,85.40173853989808,0.0
trend_recent_20,2025,2022,0.05,0.226138733931604,237.51260780984717,840.2607809847154
trend_recent_20,2025,2023,0.05,0.15075915595440267,178.88720446276983,0.0
trend_recent_20,2025,2024,0.05,0.07537957797720134,135.23928547174378,0.0
