method,prediction_year,n_training_years,predicted_mean,realized_hdd,error,p10,p90,crps,interval_coverage,interval_width,strike,predicted_average_payout_usd,realized_payout_usd,payout_error_usd,positive_payout_frequency
expanding,2010,10,265.848,203.88,61.96800000000002,236.62500000000003,305.664,52.9746,0.0,69.03899999999996,279.28499999999997,892.3500000000024,0.0,892.3500000000024,0.5
recent_10,2010,10,265.848,203.88,61.96800000000002,236.62500000000003,305.664,52.9746,0.0,69.03899999999996,279.28499999999997,892.3500000000024,0.0,892.3500000000024,0.5
temperature_trend,2010,10,240.16012961876845,203.88,36.280129618768456,207.6233102639298,285.76364340175957,29.295319706745,0.0,78.14033313782977,279.28499999999997,159.70926686217297,0.0,159.70926686217297,0.2
trend_half_shift,2010,10,252.88492873900304,203.88,49.00492873900305,225.9441958944283,289.6793217008798,41.33488390029332,0.0,63.73512580645152,279.28499999999997,418.6728739002979,0.0,418.6728739002979,0.3
expanding,2011,11,260.2145454545455,234.80999999999995,25.40454545454554,203.88,303.57,24.097933884297564,1.0,99.69,276.99,915.5454545454548,0.0,915.5454545454548,0.45454545454545453
recent_10,2011,10,258.53700000000003,234.80999999999995,23.72700000000009,196.44899999999998,305.664,23.28210000000003,1.0,109.215,276.99,1007.1000000000004,0.0,1007.1000000000004,0.5
temperature_trend,2011,11,228.30315915755793,234.80999999999995,-6.506840842442017,198.28715542521985,278.9029618768328,12.431673977848334,1.0,80.61580645161297,276.99,37.611570247933265,0.0,37.611570247933265,0.18181818181818182
trend_half_shift,2011,11,244.077792588643,234.80999999999995,9.267792588643061,201.0235777126099,284.6871554252199,12.129140108092397,1.0,83.66357771260999,276.99,317.9152226073029,0.0,317.9152226073029,0.2727272727272727
expanding,2012,12,258.0975,199.29000000000002,58.807500000000005,206.97299999999998,302.241,44.69395833333331,0.0,95.268,268.815,1248.0000000000011,0.0,1248.0000000000011,0.5
recent_10,2012,10,256.30800000000005,199.29000000000002,57.01800000000003,196.44899999999998,305.664,42.34019999999998,1.0,109.215,268.815,1415.850000000001,0.0,1415.850000000001,0.5
temperature_trend,2012,12,225.42948229190165,199.29000000000002,26.13948229190163,194.5527983307015,273.37689690954204,19.043649428528447,1.0,78.82409857884053,268.815,112.1237311076025,0.0,112.1237311076025,0.16666666666666666
trend_half_shift,2012,12,241.57201161741486,199.29000000000002,42.28201161741484,201.7845889916535,281.9410421836228,32.030168856680945,0.0,80.15645319196932,268.815,486.26610083464834,0.0,486.26610083464834,0.4166666666666667
expanding,2013,13,253.57384615384615,192.65999999999997,60.91384615384618,200.20800000000003,300.91200000000003,43.69242603550299,0.0,100.70400000000001,260.64,1529.3076923076937,0.0,1529.3076923076937,0.46153846153846156
recent_10,2013,10,243.78599999999997,192.65999999999997,51.126000000000005,192.318,291.60900000000004,36.09840000000003,1.0,99.29100000000003,260.64,1185.900000000001,0.0,1185.900000000001,0.4
temperature_trend,2013,13,214.47139148692497,192.65999999999997,21.811391486925004,188.00346614675644,263.1634540942928,14.204242651793706,1.0,75.15998794753634,260.64,83.9328388732851,0.0,83.9328388732851,0.15384615384615385
trend_half_shift,2013,13,233.7131720884574,192.65999999999997,41.053172088457444,195.3383140730237,277.1917901453385,29.003769111209458,0.0,81.85347607231478,260.64,575.3958770757772,0.0,575.3958770757772,0.38461538461538464
expanding,2014,14,249.22285714285712,181.58999999999997,67.63285714285715,194.64899999999997,299.583,47.16214285714287,0.0,104.93400000000005,258.87,1508.571428571429,0.0,1508.571428571429,0.5
recent_10,2014,10,232.695,181.58999999999997,51.10500000000002,186.35099999999997,286.17600000000004,34.57650000000001,0.0,99.82500000000007,258.87,827.4000000000002,0.0,827.4000000000002,0.4
temperature_trend,2014,14,201.62246224742992,181.58999999999997,20.032462247429947,178.4622912442396,248.27728500531717,11.964941893524493,1.0,69.81499376107757,258.87,0.0,0.0,0.0,0.0
trend_half_shift,2014,14,224.82782382133988,181.58999999999997,43.2378238213399,190.07520957107405,270.40279099610063,29.77151820167979,0.0,80.32758142502658,258.87,368.08881855471526,0.0,368.08881855471526,0.2857142857142857
expanding,2015,15,244.714,229.11,15.603999999999985,186.01799999999997,298.254,18.435466666666667,1.0,112.23600000000005,257.09999999999997,1490.600000000002,0.0,1490.600000000002,0.4666666666666667
recent_10,2015,10,224.79000000000002,229.11,-4.319999999999993,176.38799999999998,286.17600000000004,15.406800000000004,1.0,109.78800000000007,257.09999999999997,862.8000000000014,0.0,862.8000000000014,0.3
temperature_trend,2015,15,192.16304423963135,229.11,-36.94695576036867,170.85273456221202,238.3873202764978,22.203307465437764,1.0,67.53458571428578,257.09999999999997,0.0,0.0,0.0,0.0
trend_half_shift,2015,15,217.60053133640557,229.11,-11.509468663594447,181.57359331797235,264.9760119815669,11.657991766513057,1.0,83.40241866359455,257.09999999999997,264.23811059908076,0.0,264.23811059908076,0.26666666666666666
expanding,2016,16,243.73874999999998,206.78999999999996,36.94875000000002,187.12499999999997,296.925,24.573046875000017,1.0,109.80000000000004,252.81,1611.9375,0.0,1611.9375,0.5
recent_10,2016,10,222.849,206.78999999999996,16.059000000000026,176.38799999999998,286.17600000000004,13.9341,1.0,109.78800000000007,252.81,991.5000000000003,0.0,991.5000000000003,0.3
temperature_trend,2016,16,196.7642680858634,206.78999999999996,-10.025731914136571,170.03802039848196,243.1671418406073,11.038393008034866,1.0,73.12912144212532,252.81,0.0,0.0,0.0,0.0
trend_half_shift,2016,16,219.62638230846778,206.78999999999996,12.836382308467819,180.81060768500947,265.800120256167,13.117338453028673,1.0,84.98951257115755,252.81,431.2444319259967,0.0,431.2444319259967,0.3125
expanding,2017,17,241.56529411764703,119.28000000000002,122.28529411764701,188.23199999999997,295.596,94.34065743944633,0.0,107.36400000000003,248.52000000000004,1718.9999999999982,0.0,1718.9999999999982,0.47058823529411764
recent_10,2017,10,214.956,119.28000000000002,95.67599999999997,176.38799999999998,282.45,71.18159999999997,0.0,106.06200000000001,248.52000000000004,748.1999999999994,0.0,748.1999999999994,0.2
temperature_trend,2017,17,194.55884487666026,119.28000000000002,75.27884487666024,166.17030455407962,239.55098624288416,58.842209370465355,0.0,73.38068168880454,248.52000000000004,0.0,0.0,0.0,0.0
trend_half_shift,2017,17,217.40887989730993,119.28000000000002,98.12887989730991,179.68617979127131,263.84057163187845,76.66291183528881,0.0,84.15439184060713,248.52000000000004,497.1653225806417,0.0,497.1653225806417,0.29411764705882354
expanding,2018,18,234.77166666666665,270.84,-36.06833333333333,165.98399999999998,294.26700000000005,20.0162037037037,1.0,128.28300000000007,241.665,1966.250000000001,2917.499999999998,-951.2499999999973,0.5
recent_10,2018,10,213.927,270.84,-56.91299999999998,175.35899999999998,282.45,37.528499999999994,1.0,107.09100000000001,241.665,885.3000000000004,2917.499999999998,-2032.1999999999978,0.2
temperature_trend,2018,18,172.02147408369126,270.84,-98.81852591630872,137.96054399280936,215.99815020473395,78.78813649662838,0.0,78.03760621192458,241.665,0.0,2917.499999999998,-2917.499999999998,0.0
trend_half_shift,2018,18,201.92259213023073,270.84,-68.91740786976925,152.71944352341956,250.80752591630878,45.15184047774925,0.0,98.08808239288922,241.665,305.30972236093135,2917.499999999998,-2612.190277639067,0.2222222222222222
expanding,2019,19,236.67,193.38,43.28999999999999,171.18599999999998,292.938,28.433102493074795,1.0,121.75200000000001,248.52000000000004,1655.5263157894717,0.0,1655.5263157894717,0.47368421052631576
recent_10,2019,10,212.85299999999998,193.38,19.472999999999985,175.35899999999998,272.784,12.126300000000004,1.0,97.42500000000001,248.52000000000004,640.7999999999993,0.0,640.7999999999993,0.2
temperature_trend,2019,19,180.73339022428738,193.38,-12.64660977571262,142.80528896434635,229.21157419354842,11.626617055998942,1.0,86.40628522920207,248.52000000000004,93.62487713341052,0.0,93.62487713341052,0.05263157894736842
trend_half_shift,2019,19,207.59312822804037,193.38,14.213128228040375,157.02894397283532,261.44025127334464,14.065271312944141,1.0,104.41130730050932,248.52000000000004,334.4528996515051,0.0,334.4528996515051,0.2631578947368421
expanding,2020,20,234.50549999999998,217.41000000000003,17.09549999999996,176.38799999999998,291.60900000000004,17.87287499999999,1.0,115.22100000000006,241.665,1915.5000000000007,0.0,1915.5000000000007,0.5
recent_10,2020,10,203.16299999999995,217.41000000000003,-14.247000000000071,175.35899999999998,238.41299999999993,11.116500000000016,1.0,63.053999999999945,241.665,291.74999999999983,0.0,291.74999999999983,0.1
recent_20,2020,20,234.50549999999998,217.41000000000003,17.09549999999996,176.38799999999998,291.60900000000004,17.87287499999999,1.0,115.22100000000006,241.665,1915.5000000000007,0.0,1915.5000000000007,0.5
temperature_trend,2020,20,178.90686544991527,217.41000000000003,-38.50313455008475,144.16400679117154,227.6643137521224,22.855279342105213,1.0,83.50030696095087,241.665,102.8430814940576,0.0,102.8430814940576,0.05
trend_half_shift,2020,20,205.60251761460108,217.41000000000003,-11.807482385398941,160.55604142614607,259.1616412563668,11.007233665110359,1.0,98.60559983022074,241.665,472.6798344651978,0.0,472.6798344651978,0.3
trend_recent_20,2020,20,178.90686544991527,217.41000000000003,-38.50313455008475,144.16400679117154,227.6643137521224,22.855279342105213,1.0,83.50030696095087,241.665,102.8430814940576,0.0,102.8430814940576,0.05
expanding,2021,21,233.69142857142856,94.08,139.61142857142858,181.58999999999997,290.28000000000003,109.7469387755102,0.0,108.69000000000005,234.80999999999995,2150.7142857142885,0.0,2150.7142857142885,0.47619047619047616
recent_10,2021,10,204.51600000000002,94.08,110.43600000000002,175.35899999999998,238.41299999999993,90.45179999999999,0.0,63.053999999999945,234.80999999999995,360.3000000000003,0.0,360.3000000000003,0.1
recent_20,2021,20,231.5265,94.08,137.44650000000001,176.38799999999998,291.60900000000004,107.29762500000001,0.0,115.22100000000006,234.80999999999995,2047.3500000000026,0.0,2047.3500000000026,0.45
temperature_trend,2021,21,182.77261056915444,94.08,88.69261056915444,150.55002304147473,230.77959363217434,67.32582902285343,0.0,80.22957059069961,234.80999999999995,123.10787599497367,0.0,123.10787599497367,0.09523809523809523
trend_half_shift,2021,21,207.36390478185407,94.08,113.28390478185408,165.66435483870964,259.9447968160872,88.67883547218636,0.0,94.28044197737756,234.80999999999995,708.1536597043529,0.0,708.1536597043529,0.2857142857142857
trend_recent_20,2021,20,183.07072352655837,94.08,88.99072352655837,145.70398100897407,230.97908840650015,67.09295031166627,0.0,85.27510739752609,234.80999999999995,126.90807300509391,0.0,126.90807300509391,0.1
expanding,2022,22,227.34545454545452,248.91000000000003,-21.56454545454551,134.772,289.824,16.572148760330577,1.0,155.05200000000002,231.95999999999998,2195.454545454547,1695.0000000000045,500.4545454545423,0.5
recent_10,2022,10,190.443,248.91000000000003,-58.46700000000001,116.76000000000002,233.283,36.98250000000003,0.0,116.52299999999997,231.95999999999998,388.79999999999995,1695.0000000000045,-1306.2000000000046,0.1
recent_20,2022,20,223.37550000000002,248.91000000000003,-25.53450000000001,128.541,291.60900000000004,18.763725000000022,1.0,163.06800000000004,231.95999999999998,2064.1500000000015,1695.0000000000045,369.1499999999969,0.45
temperature_trend,2022,22,165.81788517678928,248.91000000000003,-83.09211482321075,101.28079249922587,213.47459425147082,60.1387664817709,0.0,112.19380175224495,231.95999999999998,96.32039158087815,1695.0000000000045,-1598.6796084191265,0.045454545454545456
trend_half_shift,2022,22,195.15385616423612,248.91000000000003,-53.75614383576391,113.46180193439096,250.90111140962827,30.606616454697377,1.0,137.4393094752373,231.95999999999998,518.9130132585763,1695.0000000000045,-1176.0869867414283,0.2727272727272727
trend_recent_20,2022,20,163.1875391947612,248.91000000000003,-85.72246080523882,95.13518753334958,208.00100548144582,61.91896536381266,0.0,112.86581794809624,231.95999999999998,99.08513218530231,1695.0000000000045,-1595.9148678147021,0.05
expanding,2023,23,228.28304347826085,185.4,42.883043478260845,139.974,289.36800000000005,29.248071833648382,1.0,149.39400000000006,234.80999999999995,2025.000000000003,0.0,2025.000000000003,0.4782608695652174
recent_10,2023,10,195.405,185.4,10.004999999999995,116.76000000000002,251.103,14.019899999999996,1.0,134.343,234.80999999999995,501.3000000000011,0.0,501.3000000000011,0.2
recent_20,2023,20,219.5955,185.4,34.19549999999998,128.541,286.17600000000004,24.25087499999999,1.0,157.63500000000005,234.80999999999995,1557.9000000000024,0.0,1557.9000000000024,0.4
temperature_trend,2023,23,175.33052259284096,185.4,-10.069477407159042,107.01957548132091,229.12564146372563,11.159060577298298,1.0,122.10606598240471,234.80999999999995,117.68521916524867,0.0,117.68521916524867,0.08695652173913043
trend_half_shift,2023,23,200.81911894572283,185.4,15.419118945722829,119.22013521611629,255.33707063623612,15.518492955561975,1.0,136.11693542011983,234.80999999999995,609.5316468853442,0.0,609.5316468853442,0.30434782608695654
trend_recent_20,2023,20,175.12963592044628,185.4,-10.27036407955373,97.5968130487509,227.96269405772506,11.176843177298078,1.0,130.36588100897416,234.80999999999995,139.99178025709512,0.0,139.99178025709512,0.1
expanding,2024,24,226.49625,138.35999999999996,88.13625000000005,145.176,288.91200000000003,61.82401041666668,0.0,143.73600000000005,231.95999999999998,2083.1250000000014,0.0,2083.1250000000014,0.5
recent_10,2024,10,194.67900000000003,138.35999999999996,56.319000000000074,116.76000000000002,251.103,40.53810000000003,1.0,134.343,231.95999999999998,558.3000000000004,0.0,558.3000000000004,0.2
recent_20,2024,20,213.68699999999995,138.35999999999996,75.327,128.541,281.99399999999997,52.58835000000003,1.0,153.45299999999997,231.95999999999998,1328.1000000000008,0.0,1328.1000000000008,0.4
temperature_trend,2024,24,173.77778930575036,138.35999999999996,35.417789305750404,109.3770333660589,227.67612521739133,24.052484231825662,1.0,118.29909185133243,231.95999999999998,106.0318162692847,0.0,106.0318162692847,0.08333333333333333
trend_half_shift,2024,24,199.15514003330995,138.35999999999996,60.79514003330999,123.35858036465639,254.14947292426368,43.64423934337019,1.0,130.7908925596073,231.95999999999998,640.9340576788223,0.0,640.9340576788223,0.2916666666666667
trend_recent_20,2024,20,178.6963666626243,138.35999999999996,40.33636666262436,98.99946665049721,236.3262689788989,28.588080005457236,1.0,137.3268023284017,231.95999999999998,177.90796749939415,0.0,177.90796749939415,0.15
expanding,2025,25,222.97079999999997,219.33000000000004,3.6407999999999276,133.08599999999998,288.456,15.856607999999994,1.0,155.37000000000003,229.11,2136.5999999999995,0.0,2136.5999999999995,0.48
recent_10,2025,10,190.356,219.33000000000004,-28.974000000000046,116.76000000000002,251.103,16.533600000000018,1.0,134.343,229.11,615.2999999999997,0.0,615.2999999999997,0.2
recent_20,2025,20,207.573,219.33000000000004,-11.757000000000033,128.541,281.99399999999997,14.271899999999999,1.0,153.45299999999997,229.11,1284.4499999999996,0.0,1284.4499999999996,0.35
temperature_trend,2025,25,166.85293524565762,219.33000000000004,-52.47706475434242,108.4303700248139,219.89169141439214,32.25880680416874,1.0,111.46132138957825,229.11,86.32473647642713,0.0,86.32473647642713,0.08
trend_half_shift,2025,25,193.74391679404468,219.33000000000004,-25.58608320595536,117.53116198511164,250.04566272952854,15.99657175861044,1.0,132.51450074441692,229.11,602.8009846153842,0.0,602.8009846153842,0.28
trend_recent_20,2025,20,173.58320555420792,219.33000000000004,-45.74679444579212,96.6158553965558,233.15045559058922,26.315514990298436,1.0,136.53460019403343,229.11,173.46363085132026,0.0,173.46363085132026,0.15
