number,name,startTime,endTime,isDaytime,temperature,temperatureUnit,temperatureTrend,probabilityOfPrecipitation,dewpoint,relativeHumidity,windSpeed,windDirection,icon,shortForecast,detailedForecast,retrieved_at_utc,update_time_utc,generated_at_utc,lead_hours_at_retrieval
1,,2026-09-19T22:00:00-04:00,2026-09-19T23:00:00-04:00,False,65,F,,"{'unitCode': 'wmoUnit:percent', 'value': 0}","{'unitCode': 'wmoUnit:degC', 'value': 11.666666666666666}","{'unitCode': 'wmoUnit:percent', 'value': 65}",13 mph,SE,https://api.weather.gov/icons/land/night/sct?size=small,Partly Cloudy,,2026-09-20T02:55:37.616736+00:00,2026-09-19T18:28:11+00:00,2026-09-20T02:48:11+00:00,-0.927118225
2,,2026-09-19T23:00:00-04:00,2026-09-20T00:00:00-04:00,False,65,F,,"{'unitCode': 'wmoUnit:percent', 'value': 1}","{'unitCode': 'wmoUnit:degC', 'value': 11.666666666666666}","{'unitCode': 'wmoUnit:percent', 'value': 65}",12 mph,SE,https://api.weather.gov/icons/land/night/sct?size=small,Partly Cloudy,,2026-09-20T02:55:37.616736+00:00,2026-09-19T18:28:11+00:00,2026-09-20T02:48:11+00:00,0.072881775
3,,2026-09-20T00:00:00-04:00,2026-09-20T01:00:00-04:00,False,65,F,,"{'unitCode': 'wmoUnit:percent', 'value': 1}","{'unitCode': 'wmoUnit:degC', 'value': 11.666666666666666}","{'unitCode': 'wmoUnit:percent', 'value': 65}",12 mph,SE,https://api.weather.gov/icons/land/night/sct?size=small,Partly Cloudy,,2026-09-20T02:55:37.616736+00:00,2026-09-19T18:28:11+00:00,2026-09-20T02:48:11+00:00,1.072881775
4,,2026-09-20T01:00:00-04:00,2026-09-20T02:00:00-04:00,False,64,F,,"{'unitCode': 'wmoUnit:percent', 'value': 1}","{'unitCode': 'wmoUnit:degC', 'value': 11.666666666666666}","{'unitCode': 'wmoUnit:percent', 'value': 67}",12 mph,SE,https://api.weather.gov/icons/land/night/bkn?size=small,Mostly Cloudy,,2026-09-20T02:55:37.616736+00:00,2026-09-19T18:28:11+00:00,2026-09-20T02:48:11+00:00,2.072881775
5,,2026-09-20T02:00:00-04:00,2026-09-20T03:00:00-04:00,False,64,F,,"{'unitCode': 'wmoUnit:percent', 'value': 1}","{'unitCode': 'wmoUnit:degC', 'value': 11.666666666666666}","{'unitCode': 'wmoUnit:percent', 'value': 67}",12 mph,SE,https://api.weather.gov/icons/land/night/bkn?size=small,Mostly Cloudy,,2026-09-20T02:55:37.616736+00:00,2026-09-19T18:28:11+00:00,2026-09-20T02:48:11+00:00,3.0728817750000004
6,,2026-09-20T03:00:00-04:00,2026-09-20T04:00:00-04:00,False,64,F,,"{'unitCode': 'wmoUnit:percent', 'value': 1}","{'unitCode': 'wmoUnit:degC', 'value': 11.666666666666666}","{'unitCode': 'wmoUnit:percent', 'value': 67}",12 mph,SE,https://api.weather.gov/icons/land/night/bkn?size=small,Mostly Cloudy,,2026-09-20T02:55:37.616736+00:00,2026-09-19T18:28:11+00:00,2026-09-20T02:48:11+00:00,4.072881775
7,,2026-09-20T04:00:00-04:00,2026-09-20T05:00:00-04:00,False,62,F,,"{'unitCode': 'wmoUnit:percent', 'value': 1}","{'unitCode': 'wmoUnit:degC', 'value': 11.666666666666666}","{'unitCode': 'wmoUnit:percent', 'value': 72}",12 mph,SE,https://api.weather.gov/icons/land/night/bkn?size=small,Mostly Cloudy,,2026-09-20T02:55:37.616736+00:00,2026-09-19T18:28:11+00:00,2026-09-20T02:48:11+00:00,5.072881775
8,,2026-09-20T05:00:00-04:00,2026-09-20T06:00:00-04:00,False,64,F,,"{'unitCode': 'wmoUnit:percent', 'value': 5}","{'unitCode': 'wmoUnit:degC', 'value': 11.666666666666666}","{'unitCode': 'wmoUnit:percent', 'value': 67}",12 mph,SE,https://api.weather.gov/icons/land/night/bkn?size=small,Mostly Cloudy,,2026-09-20T02:55:37.616736+00:00,2026-09-19T18:28:11+00:00,2026-09-20T02:48:11+00:00,6.072881775
9,,2026-09-20T06:00:00-04:00,2026-09-20T07:00:00-04:00,True,64,F,,"{'unitCode': 'wmoUnit:percent', 'value': 5}","{'unitCode': 'wmoUnit:degC', 'value': 11.666666666666666}","{'unitCode': 'wmoUnit:percent', 'value': 67}",13 mph,SE,https://api.weather.gov/icons/land/day/bkn?size=small,Mostly Cloudy,,2026-09-20T02:55:37.616736+00:00,2026-09-19T18:28:11+00:00,2026-09-20T02:48:11+00:00,7.072881775
10,,2026-09-20T07:00:00-04:00,2026-09-20T08:00:00-04:00,True,64,F,,"{'unitCode': 'wmoUnit:percent', 'value': 5}","{'unitCode': 'wmoUnit:degC', 'value': 12.222222222222221}","{'unitCode': 'wmoUnit:percent', 'value': 70}",13 mph,SE,https://api.weather.gov/icons/land/day/bkn?size=small,Mostly Cloudy,,2026-09-20T02:55:37.616736+00:00,2026-09-19T18:28:11+00:00,2026-09-20T02:48:11+00:00,8.072881775
11,,2026-09-20T08:00:00-04:00,2026-09-20T09:00:00-04:00,True,68,F,,"{'unitCode': 'wmoUnit:percent', 'value': 54}","{'unitCode': 'wmoUnit:degC', 'value': 12.222222222222221}","{'unitCode': 'wmoUnit:percent', 'value': 61}",14 mph,SE,"https://api.weather.gov/icons/land/day/rain_showers,50?size=small",Chance Rain Showers,,2026-09-20T02:55:37.616736+00:00,2026-09-19T18:28:11+00:00,2026-09-20T02:48:11+00:00,9.072881775
12,,2026-09-20T09:00:00-04:00,2026-09-20T10:00:00-04:00,True,69,F,,"{'unitCode': 'wmoUnit:percent', 'value': 54}","{'unitCode': 'wmoUnit:degC', 'value': 13.333333333333334}","{'unitCode': 'wmoUnit:percent', 'value': 63}",16 mph,SE,"https://api.weather.gov/icons/land/day/rain_showers,50?size=small",Chance Rain Showers,,2026-09-20T02:55:37.616736+00:00,2026-09-19T18:28:11+00:00,2026-09-20T02:48:11+00:00,10.072881774999999
13,,2026-09-20T10:00:00-04:00,2026-09-20T11:00:00-04:00,True,70,F,,"{'unitCode': 'wmoUnit:percent', 'value': 54}","{'unitCode': 'wmoUnit:degC', 'value': 13.88888888888889}","{'unitCode': 'wmoUnit:percent', 'value': 63}",17 mph,SE,"https://api.weather.gov/icons/land/day/rain_showers,50?size=small",Chance Rain Showers,,2026-09-20T02:55:37.616736+00:00,2026-09-19T18:28:11+00:00,2026-09-20T02:48:11+00:00,11.072881774999999
14,,2026-09-20T11:00:00-04:00,2026-09-20T12:00:00-04:00,True,70,F,,"{'unitCode': 'wmoUnit:percent', 'value': 65}","{'unitCode': 'wmoUnit:degC', 'value': 14.444444444444445}","{'unitCode': 'wmoUnit:percent', 'value': 66}",18 mph,SE,"https://api.weather.gov/icons/land/day/rain_showers,70?size=small",Rain Showers Likely,,2026-09-20T02:55:37.616736+00:00,2026-09-19T18:28:11+00:00,2026-09-20T02:48:11+00:00,12.072881774999999
15,,2026-09-20T12:00:00-04:00,2026-09-20T13:00:00-04:00,True,71,F,,"{'unitCode': 'wmoUnit:percent', 'value': 65}","{'unitCode': 'wmoUnit:degC', 'value': 15.555555555555555}","{'unitCode': 'wmoUnit:percent', 'value': 68}",20 mph,S,"https://api.weather.gov/icons/land/day/rain_showers,70?size=small",Rain Showers Likely,,2026-09-20T02:55:37.616736+00:00,2026-09-19T18:28:11+00:00,2026-09-20T02:48:11+00:00,13.072881774999999
16,,2026-09-20T13:00:00-04:00,2026-09-20T14:00:00-04:00,True,71,F,,"{'unitCode': 'wmoUnit:percent', 'value': 65}","{'unitCode': 'wmoUnit:degC', 'value': 16.11111111111111}","{'unitCode': 'wmoUnit:percent', 'value': 71}",20 mph,S,"https://api.weather.gov/icons/land/day/rain_showers,70?size=small",Rain Showers Likely,,2026-09-20T02:55:37.616736+00:00,2026-09-19T18:28:11+00:00,2026-09-20T02:48:11+00:00,14.072881774999999
17,,2026-09-20T14:00:00-04:00,2026-09-20T15:00:00-04:00,True,71,F,,"{'unitCode': 'wmoUnit:percent', 'value': 76}","{'unitCode': 'wmoUnit:degC', 'value': 16.666666666666668}","{'unitCode': 'wmoUnit:percent', 'value': 73}",20 mph,S,"https://api.weather.gov/icons/land/day/rain_showers,80?size=small",Rain Showers,,2026-09-20T02:55:37.616736+00:00,2026-09-19T18:28:11+00:00,2026-09-20T02:48:11+00:00,15.072881774999999
18,,2026-09-20T15:00:00-04:00,2026-09-20T16:00:00-04:00,True,72,F,,"{'unitCode': 'wmoUnit:percent', 'value': 76}","{'unitCode': 'wmoUnit:degC', 'value': 17.22222222222222}","{'unitCode': 'wmoUnit:percent', 'value': 73}",21 mph,S,"https://api.weather.gov/icons/land/day/rain_showers,80?size=small",Rain Showers,,2026-09-20T02:55:37.616736+00:00,2026-09-19T18:28:11+00:00,2026-09-20T02:48:11+00:00,16.072881775
19,,2026-09-20T16:00:00-04:00,2026-09-20T17:00:00-04:00,True,72,F,,"{'unitCode': 'wmoUnit:percent', 'value': 76}","{'unitCode': 'wmoUnit:degC', 'value': 17.77777777777778}","{'unitCode': 'wmoUnit:percent', 'value': 76}",21 mph,S,"https://api.weather.gov/icons/land/day/rain_showers,80?size=small",Rain Showers,,2026-09-20T02:55:37.616736+00:00,2026-09-19T18:28:11+00:00,2026-09-20T02:48:11+00:00,17.072881775
20,,2026-09-20T17:00:00-04:00,2026-09-20T18:00:00-04:00,True,73,F,,"{'unitCode': 'wmoUnit:percent', 'value': 77}","{'unitCode': 'wmoUnit:degC', 'value': 18.333333333333332}","{'unitCode': 'wmoUnit:percent', 'value': 76}",20 mph,S,"https://api.weather.gov/icons/land/day/rain,80?size=small",Rain,,2026-09-20T02:55:37.616736+00:00,2026-09-19T18:28:11+00:00,2026-09-20T02:48:11+00:00,18.072881775
21,,2026-09-20T18:00:00-04:00,2026-09-20T19:00:00-04:00,False,71,F,,"{'unitCode': 'wmoUnit:percent', 'value': 77}","{'unitCode': 'wmoUnit:degC', 'value': 18.333333333333332}","{'unitCode': 'wmoUnit:percent', 'value': 81}",20 mph,S,"https://api.weather.gov/icons/land/night/rain,80?size=small",Rain,,2026-09-20T02:55:37.616736+00:00,2026-09-19T18:28:11+00:00,2026-09-20T02:48:11+00:00,19.072881775
22,,2026-09-20T19:00:00-04:00,2026-09-20T20:00:00-04:00,False,71,F,,"{'unitCode': 'wmoUnit:percent', 'value': 77}","{'unitCode': 'wmoUnit:degC', 'value': 18.333333333333332}","{'unitCode': 'wmoUnit:percent', 'value': 81}",18 mph,S,"https://api.weather.gov/icons/land/night/rain,80?size=small",Rain,,2026-09-20T02:55:37.616736+00:00,2026-09-19T18:28:11+00:00,2026-09-20T02:48:11+00:00,20.072881775
23,,2026-09-20T20:00:00-04:00,2026-09-20T21:00:00-04:00,False,71,F,,"{'unitCode': 'wmoUnit:percent', 'value': 59}","{'unitCode': 'wmoUnit:degC', 'value': 18.333333333333332}","{'unitCode': 'wmoUnit:percent', 'value': 81}",16 mph,S,"https://api.weather.gov/icons/land/night/rain_showers,60?size=small",Rain Showers Likely,,2026-09-20T02:55:37.616736+00:00,2026-09-19T18:28:11+00:00,2026-09-20T02:48:11+00:00,21.072881775
24,,2026-09-20T21:00:00-04:00,2026-09-20T22:00:00-04:00,False,70,F,,"{'unitCode': 'wmoUnit:percent', 'value': 59}","{'unitCode': 'wmoUnit:degC', 'value': 18.88888888888889}","{'unitCode': 'wmoUnit:percent', 'value': 87}",15 mph,S,"https://api.weather.gov/icons/land/night/rain_showers,60?size=small",Rain Showers Likely,,2026-09-20T02:55:37.616736+00:00,2026-09-19T18:28:11+00:00,2026-09-20T02:48:11+00:00,22.072881775
25,,2026-09-20T22:00:00-04:00,2026-09-20T23:00:00-04:00,False,70,F,,"{'unitCode': 'wmoUnit:percent', 'value': 59}","{'unitCode': 'wmoUnit:degC', 'value': 18.88888888888889}","{'unitCode': 'wmoUnit:percent', 'value': 87}",14 mph,SW,"https://api.weather.gov/icons/land/night/rain_showers,60?size=small",Rain Showers Likely,,2026-09-20T02:55:37.616736+00:00,2026-09-19T18:28:11+00:00,2026-09-20T02:48:11+00:00,23.072881775
26,,2026-09-20T23:00:00-04:00,2026-09-21T00:00:00-04:00,False,69,F,,"{'unitCode': 'wmoUnit:percent', 'value': 77}","{'unitCode': 'wmoUnit:degC', 'value': 18.88888888888889}","{'unitCode': 'wmoUnit:percent', 'value': 90}",13 mph,SW,"https://api.weather.gov/icons/land/night/rain_showers,80?size=small",Rain Showers,,2026-09-20T02:55:37.616736+00:00,2026-09-19T18:28:11+00:00,2026-09-20T02:48:11+00:00,24.072881775
27,,2026-09-21T00:00:00-04:00,2026-09-21T01:00:00-04:00,False,68,F,,"{'unitCode': 'wmoUnit:percent', 'value': 77}","{'unitCode': 'wmoUnit:degC', 'value': 18.333333333333332}","{'unitCode': 'wmoUnit:percent', 'value': 90}",13 mph,W,"https://api.weather.gov/icons/land/night/rain_showers,80?size=small",Rain Showers,,2026-09-20T02:55:37.616736+00:00,2026-09-19T18:28:11+00:00,2026-09-20T02:48:11+00:00,25.072881775
28,,2026-09-21T01:00:00-04:00,2026-09-21T02:00:00-04:00,False,68,F,,"{'unitCode': 'wmoUnit:percent', 'value': 77}","{'unitCode': 'wmoUnit:degC', 'value': 18.333333333333332}","{'unitCode': 'wmoUnit:percent', 'value': 90}",14 mph,NW,"https://api.weather.gov/icons/land/night/rain_showers,80?size=small",Rain Showers,,2026-09-20T02:55:37.616736+00:00,2026-09-19T18:28:11+00:00,2026-09-20T02:48:11+00:00,26.072881775
29,,2026-09-21T02:00:00-04:00,2026-09-21T03:00:00-04:00,False,66,F,,"{'unitCode': 'wmoUnit:percent', 'value': 34}","{'unitCode': 'wmoUnit:degC', 'value': 17.22222222222222}","{'unitCode': 'wmoUnit:percent', 'value': 90}",14 mph,N,"https://api.weather.gov/icons/land/night/rain_showers,30?size=small",Chance Rain Showers,,2026-09-20T02:55:37.616736+00:00,2026-09-19T18:28:11+00:00,2026-09-20T02:48:11+00:00,27.072881775
30,,2026-09-21T03:00:00-04:00,2026-09-21T04:00:00-04:00,False,65,F,,"{'unitCode': 'wmoUnit:percent', 'value': 34}","{'unitCode': 'wmoUnit:degC', 'value': 16.666666666666668}","{'unitCode': 'wmoUnit:percent', 'value': 90}",15 mph,N,"https://api.weather.gov/icons/land/night/rain_showers,30?size=small",Chance Rain Showers,,2026-09-20T02:55:37.616736+00:00,2026-09-19T18:28:11+00:00,2026-09-20T02:48:11+00:00,28.072881775
31,,2026-09-21T04:00:00-04:00,2026-09-21T05:00:00-04:00,False,63,F,,"{'unitCode': 'wmoUnit:percent', 'value': 34}","{'unitCode': 'wmoUnit:degC', 'value': 15.555555555555555}","{'unitCode': 'wmoUnit:percent', 'value': 90}",17 mph,N,"https://api.weather.gov/icons/land/night/rain_showers,30?size=small",Chance Rain Showers,,2026-09-20T02:55:37.616736+00:00,2026-09-19T18:28:11+00:00,2026-09-20T02:48:11+00:00,29.072881775
32,,2026-09-21T05:00:00-04:00,2026-09-21T06:00:00-04:00,False,62,F,,"{'unitCode': 'wmoUnit:percent', 'value': 34}","{'unitCode': 'wmoUnit:degC', 'value': 14.444444444444445}","{'unitCode': 'wmoUnit:percent', 'value': 87}",17 mph,N,"https://api.weather.gov/icons/land/night/rain_showers,30?size=small",Chance Rain Showers,,2026-09-20T02:55:37.616736+00:00,2026-09-19T18:28:11+00:00,2026-09-20T02:48:11+00:00,30.072881775
33,,2026-09-21T06:00:00-04:00,2026-09-21T07:00:00-04:00,True,62,F,,"{'unitCode': 'wmoUnit:percent', 'value': 34}","{'unitCode': 'wmoUnit:degC', 'value': 13.88888888888889}","{'unitCode': 'wmoUnit:percent', 'value': 84}",17 mph,N,"https://api.weather.gov/icons/land/day/rain_showers,30?size=small",Chance Rain Showers,,2026-09-20T02:55:37.616736+00:00,2026-09-19T18:28:11+00:00,2026-09-20T02:48:11+00:00,31.072881775
34,,2026-09-21T07:00:00-04:00,2026-09-21T08:00:00-04:00,True,61,F,,"{'unitCode': 'wmoUnit:percent', 'value': 34}","{'unitCode': 'wmoUnit:degC', 'value': 13.333333333333334}","{'unitCode': 'wmoUnit:percent', 'value': 84}",17 mph,N,"https://api.weather.gov/icons/land/day/rain_showers,30?size=small",Chance Rain Showers,,2026-09-20T02:55:37.616736+00:00,2026-09-19T18:28:11+00:00,2026-09-20T02:48:11+00:00,32.072881775
35,,2026-09-21T08:00:00-04:00,2026-09-21T09:00:00-04:00,True,62,F,,"{'unitCode': 'wmoUnit:percent', 'value': 13}","{'unitCode': 'wmoUnit:degC', 'value': 12.777777777777779}","{'unitCode': 'wmoUnit:percent', 'value': 78}",17 mph,N,https://api.weather.gov/icons/land/day/ovc?size=small,Cloudy,,2026-09-20T02:55:37.616736+00:00,2026-09-19T18:28:11+00:00,2026-09-20T02:48:11+00:00,33.072881775
36,,2026-09-21T09:00:00-04:00,2026-09-21T10:00:00-04:00,True,63,F,,"{'unitCode': 'wmoUnit:percent', 'value': 13}","{'unitCode': 'wmoUnit:degC', 'value': 12.777777777777779}","{'unitCode': 'wmoUnit:percent', 'value': 75}",17 mph,N,https://api.weather.gov/icons/land/day/bkn?size=small,Partly Sunny,,2026-09-20T02:55:37.616736+00:00,2026-09-19T18:28:11+00:00,2026-09-20T02:48:11+00:00,34.072881775
37,,2026-09-21T10:00:00-04:00,2026-09-21T11:00:00-04:00,True,65,F,,"{'unitCode': 'wmoUnit:percent', 'value': 13}","{'unitCode': 'wmoUnit:degC', 'value': 12.777777777777779}","{'unitCode': 'wmoUnit:percent', 'value': 70}",18 mph,N,https://api.weather.gov/icons/land/day/bkn?size=small,Partly Sunny,,2026-09-20T02:55:37.616736+00:00,2026-09-19T18:28:11+00:00,2026-09-20T02:48:11+00:00,35.072881775
38,,2026-09-21T11:00:00-04:00,2026-09-21T12:00:00-04:00,True,66,F,,"{'unitCode': 'wmoUnit:percent', 'value': 13}","{'unitCode': 'wmoUnit:degC', 'value': 12.222222222222221}","{'unitCode': 'wmoUnit:percent', 'value': 65}",18 mph,N,https://api.weather.gov/icons/land/day/bkn?size=small,Mostly Cloudy,,2026-09-20T02:55:37.616736+00:00,2026-09-19T18:28:11+00:00,2026-09-20T02:48:11+00:00,36.072881775
39,,2026-09-21T12:00:00-04:00,2026-09-21T13:00:00-04:00,True,67,F,,"{'unitCode': 'wmoUnit:percent', 'value': 13}","{'unitCode': 'wmoUnit:degC', 'value': 12.222222222222221}","{'unitCode': 'wmoUnit:percent', 'value': 63}",17 mph,NE,https://api.weather.gov/icons/land/day/bkn?size=small,Mostly Cloudy,,2026-09-20T02:55:37.616736+00:00,2026-09-19T18:28:11+00:00,2026-09-20T02:48:11+00:00,37.072881775000006
40,,2026-09-21T13:00:00-04:00,2026-09-21T14:00:00-04:00,True,68,F,,"{'unitCode': 'wmoUnit:percent', 'value': 13}","{'unitCode': 'wmoUnit:degC', 'value': 12.222222222222221}","{'unitCode': 'wmoUnit:percent', 'value': 61}",16 mph,NE,https://api.weather.gov/icons/land/day/bkn?size=small,Mostly Cloudy,,2026-09-20T02:55:37.616736+00:00,2026-09-19T18:28:11+00:00,2026-09-20T02:48:11+00:00,38.072881775000006
41,,2026-09-21T14:00:00-04:00,2026-09-21T15:00:00-04:00,True,68,F,,"{'unitCode': 'wmoUnit:percent', 'value': 28}","{'unitCode': 'wmoUnit:degC', 'value': 12.222222222222221}","{'unitCode': 'wmoUnit:percent', 'value': 61}",15 mph,NE,"https://api.weather.gov/icons/land/day/rain_showers,30?size=small",Chance Rain Showers,,2026-09-20T02:55:37.616736+00:00,2026-09-19T18:28:11+00:00,2026-09-20T02:48:11+00:00,39.072881775000006
42,,2026-09-21T15:00:00-04:00,2026-09-21T16:00:00-04:00,True,69,F,,"{'unitCode': 'wmoUnit:percent', 'value': 28}","{'unitCode': 'wmoUnit:degC', 'value': 12.222222222222221}","{'unitCode': 'wmoUnit:percent', 'value': 59}",15 mph,NE,"https://api.weather.gov/icons/land/day/rain_showers,30?size=small",Chance Rain Showers,,2026-09-20T02:55:37.616736+00:00,2026-09-19T18:28:11+00:00,2026-09-20T02:48:11+00:00,40.072881775000006
43,,2026-09-21T16:00:00-04:00,2026-09-21T17:00:00-04:00,True,69,F,,"{'unitCode': 'wmoUnit:percent', 'value': 28}","{'unitCode': 'wmoUnit:degC', 'value': 12.222222222222221}","{'unitCode': 'wmoUnit:percent', 'value': 59}",14 mph,NE,"https://api.weather.gov/icons/land/day/rain_showers,30?size=small",Chance Rain Showers,,2026-09-20T02:55:37.616736+00:00,2026-09-19T18:28:11+00:00,2026-09-20T02:48:11+00:00,41.072881775000006
44,,2026-09-21T17:00:00-04:00,2026-09-21T18:00:00-04:00,True,68,F,,"{'unitCode': 'wmoUnit:percent', 'value': 28}","{'unitCode': 'wmoUnit:degC', 'value': 12.222222222222221}","{'unitCode': 'wmoUnit:percent', 'value': 61}",14 mph,NE,"https://api.weather.gov/icons/land/day/rain_showers,30?size=small",Chance Rain Showers,,2026-09-20T02:55:37.616736+00:00,2026-09-19T18:28:11+00:00,2026-09-20T02:48:11+00:00,42.072881775000006
45,,2026-09-21T18:00:00-04:00,2026-09-21T19:00:00-04:00,False,67,F,,"{'unitCode': 'wmoUnit:percent', 'value': 28}","{'unitCode': 'wmoUnit:degC', 'value': 12.222222222222221}","{'unitCode': 'wmoUnit:percent', 'value': 63}",14 mph,NE,"https://api.weather.gov/icons/land/night/rain_showers,30?size=small",Chance Rain Showers,,2026-09-20T02:55:37.616736+00:00,2026-09-19T18:28:11+00:00,2026-09-20T02:48:11+00:00,43.072881775000006
46,,2026-09-21T19:00:00-04:00,2026-09-21T20:00:00-04:00,False,65,F,,"{'unitCode': 'wmoUnit:percent', 'value': 28}","{'unitCode': 'wmoUnit:degC', 'value': 11.666666666666666}","{'unitCode': 'wmoUnit:percent', 'value': 65}",13 mph,NE,"https://api.weather.gov/icons/land/night/rain_showers,30?size=small",Chance Rain Showers,,2026-09-20T02:55:37.616736+00:00,2026-09-19T18:28:11+00:00,2026-09-20T02:48:11+00:00,44.072881775000006
47,,2026-09-21T20:00:00-04:00,2026-09-21T21:00:00-04:00,False,64,F,,"{'unitCode': 'wmoUnit:percent', 'value': 8}","{'unitCode': 'wmoUnit:degC', 'value': 11.666666666666666}","{'unitCode': 'wmoUnit:percent', 'value': 67}",13 mph,NE,https://api.weather.gov/icons/land/night/bkn?size=small,Mostly Cloudy,,2026-09-20T02:55:37.616736+00:00,2026-09-19T18:28:11+00:00,2026-09-20T02:48:11+00:00,45.072881775000006
48,,2026-09-21T21:00:00-04:00,2026-09-21T22:00:00-04:00,False,63,F,,"{'unitCode': 'wmoUnit:percent', 'value': 8}","{'unitCode': 'wmoUnit:degC', 'value': 11.666666666666666}","{'unitCode': 'wmoUnit:percent', 'value': 70}",14 mph,NE,https://api.weather.gov/icons/land/night/bkn?size=small,Mostly Cloudy,,2026-09-20T02:55:37.616736+00:00,2026-09-19T18:28:11+00:00,2026-09-20T02:48:11+00:00,46.072881775000006
49,,2026-09-21T22:00:00-04:00,2026-09-21T23:00:00-04:00,False,63,F,,"{'unitCode': 'wmoUnit:percent', 'value': 8}","{'unitCode': 'wmoUnit:degC', 'value': 11.666666666666666}","{'unitCode': 'wmoUnit:percent', 'value': 70}",14 mph,NE,https://api.weather.gov/icons/land/night/bkn?size=small,Mostly Cloudy,,2026-09-20T02:55:37.616736+00:00,2026-09-19T18:28:11+00:00,2026-09-20T02:48:11+00:00,47.072881775000006
50,,2026-09-21T23:00:00-04:00,2026-09-22T00:00:00-04:00,False,63,F,,"{'unitCode': 'wmoUnit:percent', 'value': 8}","{'unitCode': 'wmoUnit:degC', 'value': 11.666666666666666}","{'unitCode': 'wmoUnit:percent', 'value': 70}",15 mph,NE,https://api.weather.gov/icons/land/night/bkn?size=small,Mostly Cloudy,,2026-09-20T02:55:37.616736+00:00,2026-09-19T18:28:11+00:00,2026-09-20T02:48:11+00:00,48.072881775000006
51,,2026-09-22T00:00:00-04:00,2026-09-22T01:00:00-04:00,False,62,F,,"{'unitCode': 'wmoUnit:percent', 'value': 8}","{'unitCode': 'wmoUnit:degC', 'value': 11.666666666666666}","{'unitCode': 'wmoUnit:percent', 'value': 72}",15 mph,NE,https://api.weather.gov/icons/land/night/bkn?size=small,Mostly Cloudy,,2026-09-20T02:55:37.616736+00:00,2026-09-19T18:28:11+00:00,2026-09-20T02:48:11+00:00,49.072881775000006
52,,2026-09-22T01:00:00-04:00,2026-09-22T02:00:00-04:00,False,62,F,,"{'unitCode': 'wmoUnit:percent', 'value': 8}","{'unitCode': 'wmoUnit:degC', 'value': 11.11111111111111}","{'unitCode': 'wmoUnit:percent', 'value': 70}",15 mph,NE,https://api.weather.gov/icons/land/night/bkn?size=small,Mostly Cloudy,,2026-09-20T02:55:37.616736+00:00,2026-09-19T18:28:11+00:00,2026-09-20T02:48:11+00:00,50.072881775000006
53,,2026-09-22T02:00:00-04:00,2026-09-22T03:00:00-04:00,False,61,F,,"{'unitCode': 'wmoUnit:percent', 'value': 28}","{'unitCode': 'wmoUnit:degC', 'value': 11.11111111111111}","{'unitCode': 'wmoUnit:percent', 'value': 72}",15 mph,NE,"https://api.weather.gov/icons/land/night/rain_showers,30?size=small",Chance Rain Showers,,2026-09-20T02:55:37.616736+00:00,2026-09-19T18:28:11+00:00,2026-09-20T02:48:11+00:00,51.072881775000006
54,,2026-09-22T03:00:00-04:00,2026-09-22T04:00:00-04:00,False,60,F,,"{'unitCode': 'wmoUnit:percent', 'value': 28}","{'unitCode': 'wmoUnit:degC', 'value': 11.11111111111111}","{'unitCode': 'wmoUnit:percent', 'value': 75}",16 mph,NE,"https://api.weather.gov/icons/land/night/rain_showers,30?size=small",Chance Rain Showers,,2026-09-20T02:55:37.616736+00:00,2026-09-19T18:28:11+00:00,2026-09-20T02:48:11+00:00,52.072881775000006
55,,2026-09-22T04:00:00-04:00,2026-09-22T05:00:00-04:00,False,60,F,,"{'unitCode': 'wmoUnit:percent', 'value': 28}","{'unitCode': 'wmoUnit:degC', 'value': 10.555555555555555}","{'unitCode': 'wmoUnit:percent', 'value': 72}",16 mph,NE,"https://api.weather.gov/icons/land/night/rain_showers,30?size=small",Chance Rain Showers,,2026-09-20T02:55:37.616736+00:00,2026-09-19T18:28:11+00:00,2026-09-20T02:48:11+00:00,53.072881775000006
56,,2026-09-22T05:00:00-04:00,2026-09-22T06:00:00-04:00,False,59,F,,"{'unitCode': 'wmoUnit:percent', 'value': 28}","{'unitCode': 'wmoUnit:degC', 'value': 10.555555555555555}","{'unitCode': 'wmoUnit:percent', 'value': 75}",17 mph,NE,"https://api.weather.gov/icons/land/night/rain_showers,30?size=small",Chance Rain Showers,,2026-09-20T02:55:37.616736+00:00,2026-09-19T18:28:11+00:00,2026-09-20T02:48:11+00:00,54.072881775000006
57,,2026-09-22T06:00:00-04:00,2026-09-22T07:00:00-04:00,True,59,F,,"{'unitCode': 'wmoUnit:percent', 'value': 28}","{'unitCode': 'wmoUnit:degC', 'value': 10.555555555555555}","{'unitCode': 'wmoUnit:percent', 'value': 75}",17 mph,NE,"https://api.weather.gov/icons/land/day/rain_showers,30?size=small",Chance Rain Showers,,2026-09-20T02:55:37.616736+00:00,2026-09-19T18:28:11+00:00,2026-09-20T02:48:11+00:00,55.072881775000006
58,,2026-09-22T07:00:00-04:00,2026-09-22T08:00:00-04:00,True,60,F,,"{'unitCode': 'wmoUnit:percent', 'value': 28}","{'unitCode': 'wmoUnit:degC', 'value': 10}","{'unitCode': 'wmoUnit:percent', 'value': 69}",17 mph,NE,"https://api.weather.gov/icons/land/day/rain_showers,30?size=small",Chance Rain Showers,,2026-09-20T02:55:37.616736+00:00,2026-09-19T18:28:11+00:00,2026-09-20T02:48:11+00:00,56.072881775000006
59,,2026-09-22T08:00:00-04:00,2026-09-22T09:00:00-04:00,True,60,F,,"{'unitCode': 'wmoUnit:percent', 'value': 27}","{'unitCode': 'wmoUnit:degC', 'value': 10}","{'unitCode': 'wmoUnit:percent', 'value': 69}",17 mph,NE,"https://api.weather.gov/icons/land/day/rain_showers,30?size=small",Chance Rain Showers,,2026-09-20T02:55:37.616736+00:00,2026-09-19T18:28:11+00:00,2026-09-20T02:48:11+00:00,57.072881775000006
60,,2026-09-22T09:00:00-04:00,2026-09-22T10:00:00-04:00,True,61,F,,"{'unitCode': 'wmoUnit:percent', 'value': 27}","{'unitCode': 'wmoUnit:degC', 'value': 10}","{'unitCode': 'wmoUnit:percent', 'value': 67}",18 mph,NE,"https://api.weather.gov/icons/land/day/rain_showers,30?size=small",Chance Rain Showers,,2026-09-20T02:55:37.616736+00:00,2026-09-19T18:28:11+00:00,2026-09-20T02:48:11+00:00,58.072881775000006
61,,2026-09-22T10:00:00-04:00,2026-09-22T11:00:00-04:00,True,63,F,,"{'unitCode': 'wmoUnit:percent', 'value': 27}","{'unitCode': 'wmoUnit:degC', 'value': 10}","{'unitCode': 'wmoUnit:percent', 'value': 62}",18 mph,NE,"https://api.weather.gov/icons/land/day/rain_showers,30?size=small",Chance Rain Showers,,2026-09-20T02:55:37.616736+00:00,2026-09-19T18:28:11+00:00,2026-09-20T02:48:11+00:00,59.072881775000006
62,,2026-09-22T11:00:00-04:00,2026-09-22T12:00:00-04:00,True,64,F,,"{'unitCode': 'wmoUnit:percent', 'value': 27}","{'unitCode': 'wmoUnit:degC', 'value': 10}","{'unitCode': 'wmoUnit:percent', 'value': 60}",20 mph,NE,"https://api.weather.gov/icons/land/day/rain_showers,30?size=small",Chance Rain Showers,,2026-09-20T02:55:37.616736+00:00,2026-09-19T18:28:11+00:00,2026-09-20T02:48:11+00:00,60.072881775000006
63,,2026-09-22T12:00:00-04:00,2026-09-22T13:00:00-04:00,True,65,F,,"{'unitCode': 'wmoUnit:percent', 'value': 27}","{'unitCode': 'wmoUnit:degC', 'value': 10}","{'unitCode': 'wmoUnit:percent', 'value': 58}",20 mph,NE,"https://api.weather.gov/icons/land/day/rain_showers,30?size=small",Chance Rain Showers,,2026-09-20T02:55:37.616736+00:00,2026-09-19T18:28:11+00:00,2026-09-20T02:48:11+00:00,61.072881775000006
64,,2026-09-22T13:00:00-04:00,2026-09-22T14:00:00-04:00,True,66,F,,"{'unitCode': 'wmoUnit:percent', 'value': 27}","{'unitCode': 'wmoUnit:degC', 'value': 10}","{'unitCode': 'wmoUnit:percent', 'value': 56}",20 mph,NE,"https://api.weather.gov/icons/land/day/rain_showers,30?size=small",Chance Rain Showers,,2026-09-20T02:55:37.616736+00:00,2026-09-19T18:28:11+00:00,2026-09-20T02:48:11+00:00,62.072881775000006
65,,2026-09-22T14:00:00-04:00,2026-09-22T15:00:00-04:00,True,66,F,,"{'unitCode': 'wmoUnit:percent', 'value': 28}","{'unitCode': 'wmoUnit:degC', 'value': 10}","{'unitCode': 'wmoUnit:percent', 'value': 56}",20 mph,NE,"https://api.weather.gov/icons/land/day/rain_showers,30?size=small",Chance Rain Showers,,2026-09-20T02:55:37.616736+00:00,2026-09-19T18:28:11+00:00,2026-09-20T02:48:11+00:00,63.072881775000006
66,,2026-09-22T15:00:00-04:00,2026-09-22T16:00:00-04:00,True,67,F,,"{'unitCode': 'wmoUnit:percent', 'value': 28}","{'unitCode': 'wmoUnit:degC', 'value': 10}","{'unitCode': 'wmoUnit:percent', 'value': 54}",20 mph,NE,"https://api.weather.gov/icons/land/day/rain_showers,30?size=small",Chance Rain Showers,,2026-09-20T02:55:37.616736+00:00,2026-09-19T18:28:11+00:00,2026-09-20T02:48:11+00:00,64.072881775
67,,2026-09-22T16:00:00-04:00,2026-09-22T17:00:00-04:00,True,67,F,,"{'unitCode': 'wmoUnit:percent', 'value': 28}","{'unitCode': 'wmoUnit:degC', 'value': 9.444444444444445}","{'unitCode': 'wmoUnit:percent', 'value': 52}",20 mph,NE,"https://api.weather.gov/icons/land/day/rain_showers,30?size=small",Chance Rain Showers,,2026-09-20T02:55:37.616736+00:00,2026-09-19T18:28:11+00:00,2026-09-20T02:48:11+00:00,65.072881775
68,,2026-09-22T17:00:00-04:00,2026-09-22T18:00:00-04:00,True,66,F,,"{'unitCode': 'wmoUnit:percent', 'value': 28}","{'unitCode': 'wmoUnit:degC', 'value': 9.444444444444445}","{'unitCode': 'wmoUnit:percent', 'value': 54}",20 mph,NE,"https://api.weather.gov/icons/land/day/rain_showers,30?size=small",Chance Rain Showers,,2026-09-20T02:55:37.616736+00:00,2026-09-19T18:28:11+00:00,2026-09-20T02:48:11+00:00,66.072881775
69,,2026-09-22T18:00:00-04:00,2026-09-22T19:00:00-04:00,False,65,F,,"{'unitCode': 'wmoUnit:percent', 'value': 28}","{'unitCode': 'wmoUnit:degC', 'value': 9.444444444444445}","{'unitCode': 'wmoUnit:percent', 'value': 56}",20 mph,NE,"https://api.weather.gov/icons/land/night/rain_showers,30?size=small",Chance Rain Showers,,2026-09-20T02:55:37.616736+00:00,2026-09-19T18:28:11+00:00,2026-09-20T02:48:11+00:00,67.072881775
70,,2026-09-22T19:00:00-04:00,2026-09-22T20:00:00-04:00,False,63,F,,"{'unitCode': 'wmoUnit:percent', 'value': 28}","{'unitCode': 'wmoUnit:degC', 'value': 9.444444444444445}","{'unitCode': 'wmoUnit:percent', 'value': 60}",21 mph,NE,"https://api.weather.gov/icons/land/night/rain_showers,30?size=small",Chance Rain Showers,,2026-09-20T02:55:37.616736+00:00,2026-09-19T18:28:11+00:00,2026-09-20T02:48:11+00:00,68.072881775
71,,2026-09-22T20:00:00-04:00,2026-09-22T21:00:00-04:00,False,62,F,,"{'unitCode': 'wmoUnit:percent', 'value': 6}","{'unitCode': 'wmoUnit:degC', 'value': 10}","{'unitCode': 'wmoUnit:percent', 'value': 65}",16 mph,NE,https://api.weather.gov/icons/land/night/bkn?size=small,Mostly Cloudy,,2026-09-20T02:55:37.616736+00:00,2026-09-19T18:28:11+00:00,2026-09-20T02:48:11+00:00,69.072881775
72,,2026-09-22T21:00:00-04:00,2026-09-22T22:00:00-04:00,False,61,F,,"{'unitCode': 'wmoUnit:percent', 'value': 6}","{'unitCode': 'wmoUnit:degC', 'value': 10}","{'unitCode': 'wmoUnit:percent', 'value': 67}",16 mph,NE,https://api.weather.gov/icons/land/night/bkn?size=small,Mostly Cloudy,,2026-09-20T02:55:37.616736+00:00,2026-09-19T18:28:11+00:00,2026-09-20T02:48:11+00:00,70.072881775
73,,2026-09-22T22:00:00-04:00,2026-09-22T23:00:00-04:00,False,60,F,,"{'unitCode': 'wmoUnit:percent', 'value': 6}","{'unitCode': 'wmoUnit:degC', 'value': 10}","{'unitCode': 'wmoUnit:percent', 'value': 69}",17 mph,NE,https://api.weather.gov/icons/land/night/bkn?size=small,Mostly Cloudy,,2026-09-20T02:55:37.616736+00:00,2026-09-19T18:28:11+00:00,2026-09-20T02:48:11+00:00,71.072881775
74,,2026-09-22T23:00:00-04:00,2026-09-23T00:00:00-04:00,False,59,F,,"{'unitCode': 'wmoUnit:percent', 'value': 6}","{'unitCode': 'wmoUnit:degC', 'value': 10}","{'unitCode': 'wmoUnit:percent', 'value': 72}",17 mph,NE,https://api.weather.gov/icons/land/night/bkn?size=small,Mostly Cloudy,,2026-09-20T02:55:37.616736+00:00,2026-09-19T18:28:11+00:00,2026-09-20T02:48:11+00:00,72.072881775
75,,2026-09-23T00:00:00-04:00,2026-09-23T01:00:00-04:00,False,59,F,,"{'unitCode': 'wmoUnit:percent', 'value': 6}","{'unitCode': 'wmoUnit:degC', 'value': 10}","{'unitCode': 'wmoUnit:percent', 'value': 72}",17 mph,NE,https://api.weather.gov/icons/land/night/bkn?size=small,Mostly Cloudy,,2026-09-20T02:55:37.616736+00:00,2026-09-19T18:28:11+00:00,2026-09-20T02:48:11+00:00,73.072881775
76,,2026-09-23T01:00:00-04:00,2026-09-23T02:00:00-04:00,False,59,F,,"{'unitCode': 'wmoUnit:percent', 'value': 6}","{'unitCode': 'wmoUnit:degC', 'value': 9.444444444444445}","{'unitCode': 'wmoUnit:percent', 'value': 69}",16 mph,NE,https://api.weather.gov/icons/land/night/bkn?size=small,Mostly Cloudy,,2026-09-20T02:55:37.616736+00:00,2026-09-19T18:28:11+00:00,2026-09-20T02:48:11+00:00,74.072881775
77,,2026-09-23T02:00:00-04:00,2026-09-23T03:00:00-04:00,False,59,F,,"{'unitCode': 'wmoUnit:percent', 'value': 11}","{'unitCode': 'wmoUnit:degC', 'value': 9.444444444444445}","{'unitCode': 'wmoUnit:percent', 'value': 69}",16 mph,NE,https://api.weather.gov/icons/land/night/bkn?size=small,Mostly Cloudy,,2026-09-20T02:55:37.616736+00:00,2026-09-19T18:28:11+00:00,2026-09-20T02:48:11+00:00,75.072881775
78,,2026-09-23T03:00:00-04:00,2026-09-23T04:00:00-04:00,False,59,F,,"{'unitCode': 'wmoUnit:percent', 'value': 11}","{'unitCode': 'wmoUnit:degC', 'value': 9.444444444444445}","{'unitCode': 'wmoUnit:percent', 'value': 69}",16 mph,NE,https://api.weather.gov/icons/land/night/bkn?size=small,Mostly Cloudy,,2026-09-20T02:55:37.616736+00:00,2026-09-19T18:28:11+00:00,2026-09-20T02:48:11+00:00,76.072881775
79,,2026-09-23T04:00:00-04:00,2026-09-23T05:00:00-04:00,False,58,F,,"{'unitCode': 'wmoUnit:percent', 'value': 11}","{'unitCode': 'wmoUnit:degC', 'value': 10}","{'unitCode': 'wmoUnit:percent', 'value': 75}",17 mph,NE,https://api.weather.gov/icons/land/night/bkn?size=small,Mostly Cloudy,,2026-09-20T02:55:37.616736+00:00,2026-09-19T18:28:11+00:00,2026-09-20T02:48:11+00:00,77.072881775
80,,2026-09-23T05:00:00-04:00,2026-09-23T06:00:00-04:00,False,58,F,,"{'unitCode': 'wmoUnit:percent', 'value': 11}","{'unitCode': 'wmoUnit:degC', 'value': 10}","{'unitCode': 'wmoUnit:percent', 'value': 75}",17 mph,NE,https://api.weather.gov/icons/land/night/bkn?size=small,Mostly Cloudy,,2026-09-20T02:55:37.616736+00:00,2026-09-19T18:28:11+00:00,2026-09-20T02:48:11+00:00,78.072881775
81,,2026-09-23T06:00:00-04:00,2026-09-23T07:00:00-04:00,True,58,F,,"{'unitCode': 'wmoUnit:percent', 'value': 11}","{'unitCode': 'wmoUnit:degC', 'value': 10}","{'unitCode': 'wmoUnit:percent', 'value': 75}",17 mph,NE,https://api.weather.gov/icons/land/day/bkn?size=small,Mostly Cloudy,,2026-09-20T02:55:37.616736+00:00,2026-09-19T18:28:11+00:00,2026-09-20T02:48:11+00:00,79.072881775
82,,2026-09-23T07:00:00-04:00,2026-09-23T08:00:00-04:00,True,58,F,,"{'unitCode': 'wmoUnit:percent', 'value': 11}","{'unitCode': 'wmoUnit:degC', 'value': 10.555555555555555}","{'unitCode': 'wmoUnit:percent', 'value': 77}",18 mph,NE,https://api.weather.gov/icons/land/day/bkn?size=small,Mostly Cloudy,,2026-09-20T02:55:37.616736+00:00,2026-09-19T18:28:11+00:00,2026-09-20T02:48:11+00:00,80.072881775
83,,2026-09-23T08:00:00-04:00,2026-09-23T09:00:00-04:00,True,59,F,,"{'unitCode': 'wmoUnit:percent', 'value': 15}","{'unitCode': 'wmoUnit:degC', 'value': 10.555555555555555}","{'unitCode': 'wmoUnit:percent', 'value': 75}",18 mph,NE,"https://api.weather.gov/icons/land/day/rain_showers,20?size=small",Slight Chance Rain Showers,,2026-09-20T02:55:37.616736+00:00,2026-09-19T18:28:11+00:00,2026-09-20T02:48:11+00:00,81.072881775
84,,2026-09-23T09:00:00-04:00,2026-09-23T10:00:00-04:00,True,61,F,,"{'unitCode': 'wmoUnit:percent', 'value': 15}","{'unitCode': 'wmoUnit:degC', 'value': 10.555555555555555}","{'unitCode': 'wmoUnit:percent', 'value': 70}",20 mph,NE,"https://api.weather.gov/icons/land/day/rain_showers,20?size=small",Slight Chance Rain Showers,,2026-09-20T02:55:37.616736+00:00,2026-09-19T18:28:11+00:00,2026-09-20T02:48:11+00:00,82.072881775
85,,2026-09-23T10:00:00-04:00,2026-09-23T11:00:00-04:00,True,62,F,,"{'unitCode': 'wmoUnit:percent', 'value': 15}","{'unitCode': 'wmoUnit:degC', 'value': 10.555555555555555}","{'unitCode': 'wmoUnit:percent', 'value': 67}",21 mph,NE,"https://api.weather.gov/icons/land/day/rain_showers,20?size=small",Slight Chance Rain Showers,,2026-09-20T02:55:37.616736+00:00,2026-09-19T18:28:11+00:00,2026-09-20T02:48:11+00:00,83.072881775
86,,2026-09-23T11:00:00-04:00,2026-09-23T12:00:00-04:00,True,64,F,,"{'unitCode': 'wmoUnit:percent', 'value': 15}","{'unitCode': 'wmoUnit:degC', 'value': 10.555555555555555}","{'unitCode': 'wmoUnit:percent', 'value': 63}",21 mph,NE,"https://api.weather.gov/icons/land/day/rain_showers,20?size=small",Slight Chance Rain Showers,,2026-09-20T02:55:37.616736+00:00,2026-09-19T18:28:11+00:00,2026-09-20T02:48:11+00:00,84.072881775
87,,2026-09-23T12:00:00-04:00,2026-09-23T13:00:00-04:00,True,65,F,,"{'unitCode': 'wmoUnit:percent', 'value': 15}","{'unitCode': 'wmoUnit:degC', 'value': 10.555555555555555}","{'unitCode': 'wmoUnit:percent', 'value': 60}",21 mph,NE,"https://api.weather.gov/icons/land/day/rain_showers,20?size=small",Slight Chance Rain Showers,,2026-09-20T02:55:37.616736+00:00,2026-09-19T18:28:11+00:00,2026-09-20T02:48:11+00:00,85.072881775
88,,2026-09-23T13:00:00-04:00,2026-09-23T14:00:00-04:00,True,66,F,,"{'unitCode': 'wmoUnit:percent', 'value': 15}","{'unitCode': 'wmoUnit:degC', 'value': 11.11111111111111}","{'unitCode': 'wmoUnit:percent', 'value': 61}",20 mph,NE,"https://api.weather.gov/icons/land/day/rain_showers,20?size=small",Slight Chance Rain Showers,,2026-09-20T02:55:37.616736+00:00,2026-09-19T18:28:11+00:00,2026-09-20T02:48:11+00:00,86.072881775
89,,2026-09-23T14:00:00-04:00,2026-09-23T15:00:00-04:00,True,66,F,,"{'unitCode': 'wmoUnit:percent', 'value': 19}","{'unitCode': 'wmoUnit:degC', 'value': 11.11111111111111}","{'unitCode': 'wmoUnit:percent', 'value': 61}",20 mph,NE,"https://api.weather.gov/icons/land/day/rain_showers,20?size=small",Slight Chance Rain Showers,,2026-09-20T02:55:37.616736+00:00,2026-09-19T18:28:11+00:00,2026-09-20T02:48:11+00:00,87.072881775
90,,2026-09-23T15:00:00-04:00,2026-09-23T16:00:00-04:00,True,66,F,,"{'unitCode': 'wmoUnit:percent', 'value': 19}","{'unitCode': 'wmoUnit:degC', 'value': 11.11111111111111}","{'unitCode': 'wmoUnit:percent', 'value': 61}",20 mph,NE,"https://api.weather.gov/icons/land/day/rain_showers,20?size=small",Slight Chance Rain Showers,,2026-09-20T02:55:37.616736+00:00,2026-09-19T18:28:11+00:00,2026-09-20T02:48:11+00:00,88.072881775
91,,2026-09-23T16:00:00-04:00,2026-09-23T17:00:00-04:00,True,66,F,,"{'unitCode': 'wmoUnit:percent', 'value': 19}","{'unitCode': 'wmoUnit:degC', 'value': 10.555555555555555}","{'unitCode': 'wmoUnit:percent', 'value': 58}",21 mph,NE,"https://api.weather.gov/icons/land/day/rain_showers,20?size=small",Slight Chance Rain Showers,,2026-09-20T02:55:37.616736+00:00,2026-09-19T18:28:11+00:00,2026-09-20T02:48:11+00:00,89.072881775
92,,2026-09-23T17:00:00-04:00,2026-09-23T18:00:00-04:00,True,66,F,,"{'unitCode': 'wmoUnit:percent', 'value': 19}","{'unitCode': 'wmoUnit:degC', 'value': 10.555555555555555}","{'unitCode': 'wmoUnit:percent', 'value': 58}",21 mph,NE,"https://api.weather.gov/icons/land/day/rain_showers,20?size=small",Slight Chance Rain Showers,,2026-09-20T02:55:37.616736+00:00,2026-09-19T18:28:11+00:00,2026-09-20T02:48:11+00:00,90.072881775
93,,2026-09-23T18:00:00-04:00,2026-09-23T19:00:00-04:00,False,65,F,,"{'unitCode': 'wmoUnit:percent', 'value': 19}","{'unitCode': 'wmoUnit:degC', 'value': 10.555555555555555}","{'unitCode': 'wmoUnit:percent', 'value': 60}",21 mph,NE,"https://api.weather.gov/icons/land/night/rain_showers,20?size=small",Slight Chance Rain Showers,,2026-09-20T02:55:37.616736+00:00,2026-09-19T18:28:11+00:00,2026-09-20T02:48:11+00:00,91.072881775
94,,2026-09-23T19:00:00-04:00,2026-09-23T20:00:00-04:00,False,63,F,,"{'unitCode': 'wmoUnit:percent', 'value': 19}","{'unitCode': 'wmoUnit:degC', 'value': 10.555555555555555}","{'unitCode': 'wmoUnit:percent', 'value': 65}",22 mph,NE,"https://api.weather.gov/icons/land/night/rain_showers,20?size=small",Slight Chance Rain Showers,,2026-09-20T02:55:37.616736+00:00,2026-09-19T18:28:11+00:00,2026-09-20T02:48:11+00:00,92.072881775
95,,2026-09-23T20:00:00-04:00,2026-09-23T21:00:00-04:00,False,62,F,,"{'unitCode': 'wmoUnit:percent', 'value': 19}","{'unitCode': 'wmoUnit:degC', 'value': 10.555555555555555}","{'unitCode': 'wmoUnit:percent', 'value': 67}",22 mph,NE,"https://api.weather.gov/icons/land/night/rain_showers,20?size=small",Slight Chance Rain Showers,,2026-09-20T02:55:37.616736+00:00,2026-09-19T18:28:11+00:00,2026-09-20T02:48:11+00:00,93.072881775
96,,2026-09-23T21:00:00-04:00,2026-09-23T22:00:00-04:00,False,61,F,,"{'unitCode': 'wmoUnit:percent', 'value': 19}","{'unitCode': 'wmoUnit:degC', 'value': 10.555555555555555}","{'unitCode': 'wmoUnit:percent', 'value': 70}",22 mph,NE,"https://api.weather.gov/icons/land/night/rain_showers,20?size=small",Slight Chance Rain Showers,,2026-09-20T02:55:37.616736+00:00,2026-09-19T18:28:11+00:00,2026-09-20T02:48:11+00:00,94.072881775
97,,2026-09-23T22:00:00-04:00,2026-09-23T23:00:00-04:00,False,61,F,,"{'unitCode': 'wmoUnit:percent', 'value': 19}","{'unitCode': 'wmoUnit:degC', 'value': 10.555555555555555}","{'unitCode': 'wmoUnit:percent', 'value': 70}",21 mph,NE,"https://api.weather.gov/icons/land/night/rain_showers,20?size=small",Slight Chance Rain Showers,,2026-09-20T02:55:37.616736+00:00,2026-09-19T18:28:11+00:00,2026-09-20T02:48:11+00:00,95.072881775
98,,2026-09-23T23:00:00-04:00,2026-09-24T00:00:00-04:00,False,61,F,,"{'unitCode': 'wmoUnit:percent', 'value': 19}","{'unitCode': 'wmoUnit:degC', 'value': 10.555555555555555}","{'unitCode': 'wmoUnit:percent', 'value': 70}",21 mph,NE,"https://api.weather.gov/icons/land/night/rain_showers,20?size=small",Slight Chance Rain Showers,,2026-09-20T02:55:37.616736+00:00,2026-09-19T18:28:11+00:00,2026-09-20T02:48:11+00:00,96.072881775
99,,2026-09-24T00:00:00-04:00,2026-09-24T01:00:00-04:00,False,60,F,,"{'unitCode': 'wmoUnit:percent', 'value': 19}","{'unitCode': 'wmoUnit:degC', 'value': 10.555555555555555}","{'unitCode': 'wmoUnit:percent', 'value': 72}",21 mph,NE,"https://api.weather.gov/icons/land/night/rain_showers,20?size=small",Slight Chance Rain Showers,,2026-09-20T02:55:37.616736+00:00,2026-09-19T18:28:11+00:00,2026-09-20T02:48:11+00:00,97.072881775
100,,2026-09-24T01:00:00-04:00,2026-09-24T02:00:00-04:00,False,60,F,,"{'unitCode': 'wmoUnit:percent', 'value': 19}","{'unitCode': 'wmoUnit:degC', 'value': 11.11111111111111}","{'unitCode': 'wmoUnit:percent', 'value': 75}",20 mph,NE,"https://api.weather.gov/icons/land/night/rain_showers,20?size=small",Slight Chance Rain Showers,,2026-09-20T02:55:37.616736+00:00,2026-09-19T18:28:11+00:00,2026-09-20T02:48:11+00:00,98.072881775
101,,2026-09-24T02:00:00-04:00,2026-09-24T03:00:00-04:00,False,59,F,,"{'unitCode': 'wmoUnit:percent', 'value': 21}","{'unitCode': 'wmoUnit:degC', 'value': 11.11111111111111}","{'unitCode': 'wmoUnit:percent', 'value': 78}",20 mph,NE,"https://api.weather.gov/icons/land/night/rain_showers,20?size=small",Slight Chance Rain Showers,,2026-09-20T02:55:37.616736+00:00,2026-09-19T18:28:11+00:00,2026-09-20T02:48:11+00:00,99.072881775
102,,2026-09-24T03:00:00-04:00,2026-09-24T04:00:00-04:00,False,59,F,,"{'unitCode': 'wmoUnit:percent', 'value': 21}","{'unitCode': 'wmoUnit:degC', 'value': 11.11111111111111}","{'unitCode': 'wmoUnit:percent', 'value': 78}",20 mph,NE,"https://api.weather.gov/icons/land/night/rain_showers,20?size=small",Slight Chance Rain Showers,,2026-09-20T02:55:37.616736+00:00,2026-09-19T18:28:11+00:00,2026-09-20T02:48:11+00:00,100.072881775
103,,2026-09-24T04:00:00-04:00,2026-09-24T05:00:00-04:00,False,59,F,,"{'unitCode': 'wmoUnit:percent', 'value': 21}","{'unitCode': 'wmoUnit:degC', 'value': 10.555555555555555}","{'unitCode': 'wmoUnit:percent', 'value': 75}",21 mph,NE,"https://api.weather.gov/icons/land/night/rain_showers,20?size=small",Slight Chance Rain Showers,,2026-09-20T02:55:37.616736+00:00,2026-09-19T18:28:11+00:00,2026-09-20T02:48:11+00:00,101.072881775
104,,2026-09-24T05:00:00-04:00,2026-09-24T06:00:00-04:00,False,59,F,,"{'unitCode': 'wmoUnit:percent', 'value': 21}","{'unitCode': 'wmoUnit:degC', 'value': 10.555555555555555}","{'unitCode': 'wmoUnit:percent', 'value': 75}",21 mph,NE,"https://api.weather.gov/icons/land/night/rain_showers,20?size=small",Slight Chance Rain Showers,,2026-09-20T02:55:37.616736+00:00,2026-09-19T18:28:11+00:00,2026-09-20T02:48:11+00:00,102.072881775
105,,2026-09-24T06:00:00-04:00,2026-09-24T07:00:00-04:00,True,59,F,,"{'unitCode': 'wmoUnit:percent', 'value': 21}","{'unitCode': 'wmoUnit:degC', 'value': 10.555555555555555}","{'unitCode': 'wmoUnit:percent', 'value': 75}",21 mph,NE,"https://api.weather.gov/icons/land/day/rain_showers,20?size=small",Slight Chance Rain Showers,,2026-09-20T02:55:37.616736+00:00,2026-09-19T18:28:11+00:00,2026-09-20T02:48:11+00:00,103.072881775
106,,2026-09-24T07:00:00-04:00,2026-09-24T08:00:00-04:00,True,59,F,,"{'unitCode': 'wmoUnit:percent', 'value': 21}","{'unitCode': 'wmoUnit:degC', 'value': 11.11111111111111}","{'unitCode': 'wmoUnit:percent', 'value': 78}",20 mph,NE,"https://api.weather.gov/icons/land/day/rain_showers,20?size=small",Slight Chance Rain Showers,,2026-09-20T02:55:37.616736+00:00,2026-09-19T18:28:11+00:00,2026-09-20T02:48:11+00:00,104.072881775
107,,2026-09-24T08:00:00-04:00,2026-09-24T09:00:00-04:00,True,59,F,,"{'unitCode': 'wmoUnit:percent', 'value': 28}","{'unitCode': 'wmoUnit:degC', 'value': 11.11111111111111}","{'unitCode': 'wmoUnit:percent', 'value': 78}",20 mph,NE,"https://api.weather.gov/icons/land/day/rain_showers,30?size=small",Chance Rain Showers,,2026-09-20T02:55:37.616736+00:00,2026-09-19T18:28:11+00:00,2026-09-20T02:48:11+00:00,105.072881775
108,,2026-09-24T09:00:00-04:00,2026-09-24T10:00:00-04:00,True,60,F,,"{'unitCode': 'wmoUnit:percent', 'value': 28}","{'unitCode': 'wmoUnit:degC', 'value': 11.11111111111111}","{'unitCode': 'wmoUnit:percent', 'value': 75}",21 mph,NE,"https://api.weather.gov/icons/land/day/rain_showers,30?size=small",Chance Rain Showers,,2026-09-20T02:55:37.616736+00:00,2026-09-19T18:28:11+00:00,2026-09-20T02:48:11+00:00,106.072881775
109,,2026-09-24T10:00:00-04:00,2026-09-24T11:00:00-04:00,True,62,F,,"{'unitCode': 'wmoUnit:percent', 'value': 28}","{'unitCode': 'wmoUnit:degC', 'value': 11.11111111111111}","{'unitCode': 'wmoUnit:percent', 'value': 70}",22 mph,NE,"https://api.weather.gov/icons/land/day/rain_showers,30?size=small",Chance Rain Showers,,2026-09-20T02:55:37.616736+00:00,2026-09-19T18:28:11+00:00,2026-09-20T02:48:11+00:00,107.072881775
110,,2026-09-24T11:00:00-04:00,2026-09-24T12:00:00-04:00,True,63,F,,"{'unitCode': 'wmoUnit:percent', 'value': 28}","{'unitCode': 'wmoUnit:degC', 'value': 11.11111111111111}","{'unitCode': 'wmoUnit:percent', 'value': 67}",22 mph,NE,"https://api.weather.gov/icons/land/day/rain_showers,30?size=small",Chance Rain Showers,,2026-09-20T02:55:37.616736+00:00,2026-09-19T18:28:11+00:00,2026-09-20T02:48:11+00:00,108.072881775
111,,2026-09-24T12:00:00-04:00,2026-09-24T13:00:00-04:00,True,64,F,,"{'unitCode': 'wmoUnit:percent', 'value': 28}","{'unitCode': 'wmoUnit:degC', 'value': 11.11111111111111}","{'unitCode': 'wmoUnit:percent', 'value': 65}",21 mph,NE,"https://api.weather.gov/icons/land/day/rain_showers,30?size=small",Chance Rain Showers,,2026-09-20T02:55:37.616736+00:00,2026-09-19T18:28:11+00:00,2026-09-20T02:48:11+00:00,109.072881775
112,,2026-09-24T13:00:00-04:00,2026-09-24T14:00:00-04:00,True,65,F,,"{'unitCode': 'wmoUnit:percent', 'value': 28}","{'unitCode': 'wmoUnit:degC', 'value': 11.11111111111111}","{'unitCode': 'wmoUnit:percent', 'value': 63}",20 mph,NE,"https://api.weather.gov/icons/land/day/rain_showers,30?size=small",Chance Rain Showers,,2026-09-20T02:55:37.616736+00:00,2026-09-19T18:28:11+00:00,2026-09-20T02:48:11+00:00,110.072881775
113,,2026-09-24T14:00:00-04:00,2026-09-24T15:00:00-04:00,True,65,F,,"{'unitCode': 'wmoUnit:percent', 'value': 33}","{'unitCode': 'wmoUnit:degC', 'value': 11.11111111111111}","{'unitCode': 'wmoUnit:percent', 'value': 63}",18 mph,NE,"https://api.weather.gov/icons/land/day/rain_showers,30?size=small",Chance Rain Showers,,2026-09-20T02:55:37.616736+00:00,2026-09-19T18:28:11+00:00,2026-09-20T02:48:11+00:00,111.072881775
114,,2026-09-24T15:00:00-04:00,2026-09-24T16:00:00-04:00,True,66,F,,"{'unitCode': 'wmoUnit:percent', 'value': 33}","{'unitCode': 'wmoUnit:degC', 'value': 11.11111111111111}","{'unitCode': 'wmoUnit:percent', 'value': 61}",18 mph,NE,"https://api.weather.gov/icons/land/day/rain_showers,30?size=small",Chance Rain Showers,,2026-09-20T02:55:37.616736+00:00,2026-09-19T18:28:11+00:00,2026-09-20T02:48:11+00:00,112.072881775
115,,2026-09-24T16:00:00-04:00,2026-09-24T17:00:00-04:00,True,66,F,,"{'unitCode': 'wmoUnit:percent', 'value': 33}","{'unitCode': 'wmoUnit:degC', 'value': 11.11111111111111}","{'unitCode': 'wmoUnit:percent', 'value': 61}",18 mph,NE,"https://api.weather.gov/icons/land/day/rain_showers,30?size=small",Chance Rain Showers,,2026-09-20T02:55:37.616736+00:00,2026-09-19T18:28:11+00:00,2026-09-20T02:48:11+00:00,113.072881775
116,,2026-09-24T17:00:00-04:00,2026-09-24T18:00:00-04:00,True,66,F,,"{'unitCode': 'wmoUnit:percent', 'value': 33}","{'unitCode': 'wmoUnit:degC', 'value': 11.11111111111111}","{'unitCode': 'wmoUnit:percent', 'value': 61}",20 mph,NE,"https://api.weather.gov/icons/land/day/rain_showers,30?size=small",Chance Rain Showers,,2026-09-20T02:55:37.616736+00:00,2026-09-19T18:28:11+00:00,2026-09-20T02:48:11+00:00,114.072881775
117,,2026-09-24T18:00:00-04:00,2026-09-24T19:00:00-04:00,False,65,F,,"{'unitCode': 'wmoUnit:percent', 'value': 33}","{'unitCode': 'wmoUnit:degC', 'value': 11.11111111111111}","{'unitCode': 'wmoUnit:percent', 'value': 63}",20 mph,NE,"https://api.weather.gov/icons/land/night/rain_showers,30?size=small",Chance Rain Showers,,2026-09-20T02:55:37.616736+00:00,2026-09-19T18:28:11+00:00,2026-09-20T02:48:11+00:00,115.072881775
118,,2026-09-24T19:00:00-04:00,2026-09-24T20:00:00-04:00,False,63,F,,"{'unitCode': 'wmoUnit:percent', 'value': 33}","{'unitCode': 'wmoUnit:degC', 'value': 10.555555555555555}","{'unitCode': 'wmoUnit:percent', 'value': 65}",21 mph,NE,"https://api.weather.gov/icons/land/night/rain_showers,30?size=small",Chance Rain Showers,,2026-09-20T02:55:37.616736+00:00,2026-09-19T18:28:11+00:00,2026-09-20T02:48:11+00:00,116.072881775
119,,2026-09-24T20:00:00-04:00,2026-09-24T21:00:00-04:00,False,62,F,,"{'unitCode': 'wmoUnit:percent', 'value': 37}","{'unitCode': 'wmoUnit:degC', 'value': 10.555555555555555}","{'unitCode': 'wmoUnit:percent', 'value': 67}",21 mph,NE,"https://api.weather.gov/icons/land/night/rain_showers,40?size=small",Chance Rain Showers,,2026-09-20T02:55:37.616736+00:00,2026-09-19T18:28:11+00:00,2026-09-20T02:48:11+00:00,117.072881775
120,,2026-09-24T21:00:00-04:00,2026-09-24T22:00:00-04:00,False,61,F,,"{'unitCode': 'wmoUnit:percent', 'value': 37}","{'unitCode': 'wmoUnit:degC', 'value': 10.555555555555555}","{'unitCode': 'wmoUnit:percent', 'value': 70}",21 mph,NE,"https://api.weather.gov/icons/land/night/rain_showers,40?size=small",Chance Rain Showers,,2026-09-20T02:55:37.616736+00:00,2026-09-19T18:28:11+00:00,2026-09-20T02:48:11+00:00,118.072881775
121,,2026-09-24T22:00:00-04:00,2026-09-24T23:00:00-04:00,False,61,F,,"{'unitCode': 'wmoUnit:percent', 'value': 37}","{'unitCode': 'wmoUnit:degC', 'value': 11.11111111111111}","{'unitCode': 'wmoUnit:percent', 'value': 72}",22 mph,NE,"https://api.weather.gov/icons/land/night/rain_showers,40?size=small",Chance Rain Showers,,2026-09-20T02:55:37.616736+00:00,2026-09-19T18:28:11+00:00,2026-09-20T02:48:11+00:00,119.072881775
122,,2026-09-24T23:00:00-04:00,2026-09-25T00:00:00-04:00,False,60,F,,"{'unitCode': 'wmoUnit:percent', 'value': 37}","{'unitCode': 'wmoUnit:degC', 'value': 11.11111111111111}","{'unitCode': 'wmoUnit:percent', 'value': 75}",22 mph,NE,"https://api.weather.gov/icons/land/night/rain_showers,40?size=small",Chance Rain Showers,,2026-09-20T02:55:37.616736+00:00,2026-09-19T18:28:11+00:00,2026-09-20T02:48:11+00:00,120.072881775
123,,2026-09-25T00:00:00-04:00,2026-09-25T01:00:00-04:00,False,59,F,,"{'unitCode': 'wmoUnit:percent', 'value': 37}","{'unitCode': 'wmoUnit:degC', 'value': 11.11111111111111}","{'unitCode': 'wmoUnit:percent', 'value': 78}",22 mph,NE,"https://api.weather.gov/icons/land/night/rain_showers,40?size=small",Chance Rain Showers,,2026-09-20T02:55:37.616736+00:00,2026-09-19T18:28:11+00:00,2026-09-20T02:48:11+00:00,121.072881775
124,,2026-09-25T01:00:00-04:00,2026-09-25T02:00:00-04:00,False,59,F,,"{'unitCode': 'wmoUnit:percent', 'value': 37}","{'unitCode': 'wmoUnit:degC', 'value': 10.555555555555555}","{'unitCode': 'wmoUnit:percent', 'value': 75}",21 mph,N,"https://api.weather.gov/icons/land/night/rain_showers,40?size=small",Chance Rain Showers,,2026-09-20T02:55:37.616736+00:00,2026-09-19T18:28:11+00:00,2026-09-20T02:48:11+00:00,122.072881775
125,,2026-09-25T02:00:00-04:00,2026-09-25T03:00:00-04:00,False,58,F,,"{'unitCode': 'wmoUnit:percent', 'value': 37}","{'unitCode': 'wmoUnit:degC', 'value': 10.555555555555555}","{'unitCode': 'wmoUnit:percent', 'value': 77}",21 mph,N,"https://api.weather.gov/icons/land/night/rain_showers,40?size=small",Chance Rain Showers,,2026-09-20T02:55:37.616736+00:00,2026-09-19T18:28:11+00:00,2026-09-20T02:48:11+00:00,123.072881775
126,,2026-09-25T03:00:00-04:00,2026-09-25T04:00:00-04:00,False,57,F,,"{'unitCode': 'wmoUnit:percent', 'value': 37}","{'unitCode': 'wmoUnit:degC', 'value': 10.555555555555555}","{'unitCode': 'wmoUnit:percent', 'value': 80}",21 mph,N,"https://api.weather.gov/icons/land/night/rain_showers,40?size=small",Chance Rain Showers,,2026-09-20T02:55:37.616736+00:00,2026-09-19T18:28:11+00:00,2026-09-20T02:48:11+00:00,124.072881775
127,,2026-09-25T04:00:00-04:00,2026-09-25T05:00:00-04:00,False,57,F,,"{'unitCode': 'wmoUnit:percent', 'value': 37}","{'unitCode': 'wmoUnit:degC', 'value': 10.555555555555555}","{'unitCode': 'wmoUnit:percent', 'value': 80}",22 mph,N,"https://api.weather.gov/icons/land/night/rain_showers,40?size=small",Chance Rain Showers,,2026-09-20T02:55:37.616736+00:00,2026-09-19T18:28:11+00:00,2026-09-20T02:48:11+00:00,125.072881775
128,,2026-09-25T05:00:00-04:00,2026-09-25T06:00:00-04:00,False,57,F,,"{'unitCode': 'wmoUnit:percent', 'value': 37}","{'unitCode': 'wmoUnit:degC', 'value': 10.555555555555555}","{'unitCode': 'wmoUnit:percent', 'value': 80}",22 mph,N,"https://api.weather.gov/icons/land/night/rain_showers,40?size=small",Chance Rain Showers,,2026-09-20T02:55:37.616736+00:00,2026-09-19T18:28:11+00:00,2026-09-20T02:48:11+00:00,126.072881775
129,,2026-09-25T06:00:00-04:00,2026-09-25T07:00:00-04:00,True,57,F,,"{'unitCode': 'wmoUnit:percent', 'value': 37}","{'unitCode': 'wmoUnit:degC', 'value': 10.555555555555555}","{'unitCode': 'wmoUnit:percent', 'value': 80}",22 mph,N,"https://api.weather.gov/icons/land/day/rain_showers,40?size=small",Chance Rain Showers,,2026-09-20T02:55:37.616736+00:00,2026-09-19T18:28:11+00:00,2026-09-20T02:48:11+00:00,127.072881775
130,,2026-09-25T07:00:00-04:00,2026-09-25T08:00:00-04:00,True,57,F,,"{'unitCode': 'wmoUnit:percent', 'value': 37}","{'unitCode': 'wmoUnit:degC', 'value': 10.555555555555555}","{'unitCode': 'wmoUnit:percent', 'value': 80}",21 mph,N,"https://api.weather.gov/icons/land/day/rain_showers,40?size=small",Chance Rain Showers,,2026-09-20T02:55:37.616736+00:00,2026-09-19T18:28:11+00:00,2026-09-20T02:48:11+00:00,128.072881775
131,,2026-09-25T08:00:00-04:00,2026-09-25T09:00:00-04:00,True,58,F,,"{'unitCode': 'wmoUnit:percent', 'value': 41}","{'unitCode': 'wmoUnit:degC', 'value': 10.555555555555555}","{'unitCode': 'wmoUnit:percent', 'value': 77}",21 mph,N,"https://api.weather.gov/icons/land/day/rain_showers,40?size=small",Chance Rain Showers,,2026-09-20T02:55:37.616736+00:00,2026-09-19T18:28:11+00:00,2026-09-20T02:48:11+00:00,129.072881775
132,,2026-09-25T09:00:00-04:00,2026-09-25T10:00:00-04:00,True,59,F,,"{'unitCode': 'wmoUnit:percent', 'value': 41}","{'unitCode': 'wmoUnit:degC', 'value': 10.555555555555555}","{'unitCode': 'wmoUnit:percent', 'value': 75}",21 mph,N,"https://api.weather.gov/icons/land/day/rain_showers,40?size=small",Chance Rain Showers,,2026-09-20T02:55:37.616736+00:00,2026-09-19T18:28:11+00:00,2026-09-20T02:48:11+00:00,130.072881775
133,,2026-09-25T10:00:00-04:00,2026-09-25T11:00:00-04:00,True,61,F,,"{'unitCode': 'wmoUnit:percent', 'value': 41}","{'unitCode': 'wmoUnit:degC', 'value': 10.555555555555555}","{'unitCode': 'wmoUnit:percent', 'value': 70}",22 mph,N,"https://api.weather.gov/icons/land/day/rain_showers,40?size=small",Chance Rain Showers,,2026-09-20T02:55:37.616736+00:00,2026-09-19T18:28:11+00:00,2026-09-20T02:48:11+00:00,131.072881775
134,,2026-09-25T11:00:00-04:00,2026-09-25T12:00:00-04:00,True,62,F,,"{'unitCode': 'wmoUnit:percent', 'value': 41}","{'unitCode': 'wmoUnit:degC', 'value': 10.555555555555555}","{'unitCode': 'wmoUnit:percent', 'value': 67}",22 mph,N,"https://api.weather.gov/icons/land/day/rain_showers,40?size=small",Chance Rain Showers,,2026-09-20T02:55:37.616736+00:00,2026-09-19T18:28:11+00:00,2026-09-20T02:48:11+00:00,132.072881775
135,,2026-09-25T12:00:00-04:00,2026-09-25T13:00:00-04:00,True,63,F,,"{'unitCode': 'wmoUnit:percent', 'value': 41}","{'unitCode': 'wmoUnit:degC', 'value': 10.555555555555555}","{'unitCode': 'wmoUnit:percent', 'value': 65}",21 mph,N,"https://api.weather.gov/icons/land/day/rain_showers,40?size=small",Chance Rain Showers,,2026-09-20T02:55:37.616736+00:00,2026-09-19T18:28:11+00:00,2026-09-20T02:48:11+00:00,133.072881775
136,,2026-09-25T13:00:00-04:00,2026-09-25T14:00:00-04:00,True,64,F,,"{'unitCode': 'wmoUnit:percent', 'value': 41}","{'unitCode': 'wmoUnit:degC', 'value': 11.11111111111111}","{'unitCode': 'wmoUnit:percent', 'value': 65}",20 mph,N,"https://api.weather.gov/icons/land/day/rain_showers,40?size=small",Chance Rain Showers,,2026-09-20T02:55:37.616736+00:00,2026-09-19T18:28:11+00:00,2026-09-20T02:48:11+00:00,134.072881775
137,,2026-09-25T14:00:00-04:00,2026-09-25T15:00:00-04:00,True,65,F,,"{'unitCode': 'wmoUnit:percent', 'value': 38}","{'unitCode': 'wmoUnit:degC', 'value': 11.11111111111111}","{'unitCode': 'wmoUnit:percent', 'value': 63}",18 mph,N,"https://api.weather.gov/icons/land/day/rain_showers,40?size=small",Chance Rain Showers,,2026-09-20T02:55:37.616736+00:00,2026-09-19T18:28:11+00:00,2026-09-20T02:48:11+00:00,135.072881775
138,,2026-09-25T15:00:00-04:00,2026-09-25T16:00:00-04:00,True,66,F,,"{'unitCode': 'wmoUnit:percent', 'value': 38}","{'unitCode': 'wmoUnit:degC', 'value': 11.11111111111111}","{'unitCode': 'wmoUnit:percent', 'value': 61}",20 mph,N,"https://api.weather.gov/icons/land/day/rain_showers,40?size=small",Chance Rain Showers,,2026-09-20T02:55:37.616736+00:00,2026-09-19T18:28:11+00:00,2026-09-20T02:48:11+00:00,136.072881775
139,,2026-09-25T16:00:00-04:00,2026-09-25T17:00:00-04:00,True,66,F,,"{'unitCode': 'wmoUnit:percent', 'value': 38}","{'unitCode': 'wmoUnit:degC', 'value': 11.11111111111111}","{'unitCode': 'wmoUnit:percent', 'value': 61}",20 mph,N,"https://api.weather.gov/icons/land/day/rain_showers,40?size=small",Chance Rain Showers,,2026-09-20T02:55:37.616736+00:00,2026-09-19T18:28:11+00:00,2026-09-20T02:48:11+00:00,137.072881775
140,,2026-09-25T17:00:00-04:00,2026-09-25T18:00:00-04:00,True,66,F,,"{'unitCode': 'wmoUnit:percent', 'value': 38}","{'unitCode': 'wmoUnit:degC', 'value': 11.11111111111111}","{'unitCode': 'wmoUnit:percent', 'value': 61}",21 mph,N,"https://api.weather.gov/icons/land/day/rain_showers,40?size=small",Chance Rain Showers,,2026-09-20T02:55:37.616736+00:00,2026-09-19T18:28:11+00:00,2026-09-20T02:48:11+00:00,138.072881775
141,,2026-09-25T18:00:00-04:00,2026-09-25T19:00:00-04:00,False,65,F,,"{'unitCode': 'wmoUnit:percent', 'value': 38}","{'unitCode': 'wmoUnit:degC', 'value': 11.11111111111111}","{'unitCode': 'wmoUnit:percent', 'value': 63}",20 mph,N,"https://api.weather.gov/icons/land/night/rain_showers,40?size=small",Chance Rain Showers,,2026-09-20T02:55:37.616736+00:00,2026-09-19T18:28:11+00:00,2026-09-20T02:48:11+00:00,139.072881775
142,,2026-09-25T19:00:00-04:00,2026-09-25T20:00:00-04:00,False,64,F,,"{'unitCode': 'wmoUnit:percent', 'value': 38}","{'unitCode': 'wmoUnit:degC', 'value': 11.11111111111111}","{'unitCode': 'wmoUnit:percent', 'value': 65}",18 mph,N,"https://api.weather.gov/icons/land/night/rain_showers,40?size=small",Chance Rain Showers,,2026-09-20T02:55:37.616736+00:00,2026-09-19T18:28:11+00:00,2026-09-20T02:48:11+00:00,140.072881775
143,,2026-09-25T20:00:00-04:00,2026-09-25T21:00:00-04:00,False,63,F,,"{'unitCode': 'wmoUnit:percent', 'value': 33}","{'unitCode': 'wmoUnit:degC', 'value': 11.11111111111111}","{'unitCode': 'wmoUnit:percent', 'value': 67}",17 mph,N,"https://api.weather.gov/icons/land/night/rain_showers,30?size=small",Chance Rain Showers,,2026-09-20T02:55:37.616736+00:00,2026-09-19T18:28:11+00:00,2026-09-20T02:48:11+00:00,141.072881775
144,,2026-09-25T21:00:00-04:00,2026-09-25T22:00:00-04:00,False,62,F,,"{'unitCode': 'wmoUnit:percent', 'value': 33}","{'unitCode': 'wmoUnit:degC', 'value': 11.11111111111111}","{'unitCode': 'wmoUnit:percent', 'value': 70}",17 mph,N,"https://api.weather.gov/icons/land/night/rain_showers,30?size=small",Chance Rain Showers,,2026-09-20T02:55:37.616736+00:00,2026-09-19T18:28:11+00:00,2026-09-20T02:48:11+00:00,142.072881775
145,,2026-09-25T22:00:00-04:00,2026-09-25T23:00:00-04:00,False,62,F,,"{'unitCode': 'wmoUnit:percent', 'value': 33}","{'unitCode': 'wmoUnit:degC', 'value': 11.11111111111111}","{'unitCode': 'wmoUnit:percent', 'value': 70}",18 mph,N,"https://api.weather.gov/icons/land/night/rain_showers,30?size=small",Chance Rain Showers,,2026-09-20T02:55:37.616736+00:00,2026-09-19T18:28:11+00:00,2026-09-20T02:48:11+00:00,143.072881775
146,,2026-09-25T23:00:00-04:00,2026-09-26T00:00:00-04:00,False,61,F,,"{'unitCode': 'wmoUnit:percent', 'value': 33}","{'unitCode': 'wmoUnit:degC', 'value': 11.11111111111111}","{'unitCode': 'wmoUnit:percent', 'value': 72}",18 mph,N,"https://api.weather.gov/icons/land/night/rain_showers,30?size=small",Chance Rain Showers,,2026-09-20T02:55:37.616736+00:00,2026-09-19T18:28:11+00:00,2026-09-20T02:48:11+00:00,144.072881775
147,,2026-09-26T00:00:00-04:00,2026-09-26T01:00:00-04:00,False,61,F,,"{'unitCode': 'wmoUnit:percent', 'value': 33}","{'unitCode': 'wmoUnit:degC', 'value': 11.11111111111111}","{'unitCode': 'wmoUnit:percent', 'value': 72}",18 mph,N,"https://api.weather.gov/icons/land/night/rain_showers,30?size=small",Chance Rain Showers,,2026-09-20T02:55:37.616736+00:00,2026-09-19T18:28:11+00:00,2026-09-20T02:48:11+00:00,145.072881775
148,,2026-09-26T01:00:00-04:00,2026-09-26T02:00:00-04:00,False,60,F,,"{'unitCode': 'wmoUnit:percent', 'value': 33}","{'unitCode': 'wmoUnit:degC', 'value': 11.11111111111111}","{'unitCode': 'wmoUnit:percent', 'value': 75}",17 mph,N,"https://api.weather.gov/icons/land/night/rain_showers,30?size=small",Chance Rain Showers,,2026-09-20T02:55:37.616736+00:00,2026-09-19T18:28:11+00:00,2026-09-20T02:48:11+00:00,146.072881775
149,,2026-09-26T02:00:00-04:00,2026-09-26T03:00:00-04:00,False,60,F,,"{'unitCode': 'wmoUnit:percent', 'value': 28}","{'unitCode': 'wmoUnit:degC', 'value': 11.11111111111111}","{'unitCode': 'wmoUnit:percent', 'value': 75}",17 mph,N,"https://api.weather.gov/icons/land/night/rain_showers,30?size=small",Chance Rain Showers,,2026-09-20T02:55:37.616736+00:00,2026-09-19T18:28:11+00:00,2026-09-20T02:48:11+00:00,147.072881775
150,,2026-09-26T03:00:00-04:00,2026-09-26T04:00:00-04:00,False,59,F,,"{'unitCode': 'wmoUnit:percent', 'value': 28}","{'unitCode': 'wmoUnit:degC', 'value': 11.11111111111111}","{'unitCode': 'wmoUnit:percent', 'value': 78}",17 mph,N,"https://api.weather.gov/icons/land/night/rain_showers,30?size=small",Chance Rain Showers,,2026-09-20T02:55:37.616736+00:00,2026-09-19T18:28:11+00:00,2026-09-20T02:48:11+00:00,148.072881775
151,,2026-09-26T04:00:00-04:00,2026-09-26T05:00:00-04:00,False,58,F,,"{'unitCode': 'wmoUnit:percent', 'value': 28}","{'unitCode': 'wmoUnit:degC', 'value': 11.11111111111111}","{'unitCode': 'wmoUnit:percent', 'value': 80}",18 mph,N,"https://api.weather.gov/icons/land/night/rain_showers,30?size=small",Chance Rain Showers,,2026-09-20T02:55:37.616736+00:00,2026-09-19T18:28:11+00:00,2026-09-20T02:48:11+00:00,149.072881775
152,,2026-09-26T05:00:00-04:00,2026-09-26T06:00:00-04:00,False,58,F,,"{'unitCode': 'wmoUnit:percent', 'value': 28}","{'unitCode': 'wmoUnit:degC', 'value': 11.11111111111111}","{'unitCode': 'wmoUnit:percent', 'value': 80}",18 mph,N,"https://api.weather.gov/icons/land/night/rain_showers,30?size=small",Chance Rain Showers,,2026-09-20T02:55:37.616736+00:00,2026-09-19T18:28:11+00:00,2026-09-20T02:48:11+00:00,150.072881775
153,,2026-09-26T06:00:00-04:00,2026-09-26T07:00:00-04:00,True,58,F,,"{'unitCode': 'wmoUnit:percent', 'value': 28}","{'unitCode': 'wmoUnit:degC', 'value': 11.11111111111111}","{'unitCode': 'wmoUnit:percent', 'value': 80}",18 mph,N,"https://api.weather.gov/icons/land/day/rain_showers,30?size=small",Chance Rain Showers,,2026-09-20T02:55:37.616736+00:00,2026-09-19T18:28:11+00:00,2026-09-20T02:48:11+00:00,151.072881775
154,,2026-09-26T07:00:00-04:00,2026-09-26T08:00:00-04:00,True,59,F,,"{'unitCode': 'wmoUnit:percent', 'value': 28}","{'unitCode': 'wmoUnit:degC', 'value': 11.11111111111111}","{'unitCode': 'wmoUnit:percent', 'value': 78}",17 mph,N,"https://api.weather.gov/icons/land/day/rain_showers,30?size=small",Chance Rain Showers,,2026-09-20T02:55:37.616736+00:00,2026-09-19T18:28:11+00:00,2026-09-20T02:48:11+00:00,152.072881775
155,,2026-09-26T08:00:00-04:00,2026-09-26T09:00:00-04:00,True,60,F,,"{'unitCode': 'wmoUnit:percent', 'value': 28}","{'unitCode': 'wmoUnit:degC', 'value': 11.11111111111111}","{'unitCode': 'wmoUnit:percent', 'value': 75}",17 mph,N,"https://api.weather.gov/icons/land/day/rain_showers,30?size=small",Chance Rain Showers,,2026-09-20T02:55:37.616736+00:00,2026-09-19T18:28:11+00:00,2026-09-20T02:48:11+00:00,153.072881775
156,,2026-09-26T09:00:00-04:00,2026-09-26T10:00:00-04:00,True,62,F,,"{'unitCode': 'wmoUnit:percent', 'value': 28}","{'unitCode': 'wmoUnit:degC', 'value': 11.11111111111111}","{'unitCode': 'wmoUnit:percent', 'value': 70}",17 mph,N,"https://api.weather.gov/icons/land/day/rain_showers,30?size=small",Chance Rain Showers,,2026-09-20T02:55:37.616736+00:00,2026-09-19T18:28:11+00:00,2026-09-20T02:48:11+00:00,154.072881775
